item_id,transaction_id,sequence,sku,product_name,quantity,unit_price,subtotal,discount_applied,is_void,error_type
TRX-20260901-000001-001,TRX-20260901-000001,1,SKU-2005,Keju Kraft Cheddar 165g,1,24000.0,24000.0,0.0,False,NONE
TRX-20260901-000002-001,TRX-20260901-000002,1,SKU-2004,Yakult Pack isi 5,1,11500.0,11500.0,0.0,False,NONE
TRX-20260901-000003-001,TRX-20260901-000003,1,SKU-3005,Good Day Moccacino 250ml,1,8000.0,8000.0,0.0,False,NONE
TRX-20260901-000004-001,TRX-20260901-000004,1,SKU-2005,Keju Kraft Cheddar 165g,1,24000.0,24000.0,0.0,False,NONE
TRX-20260901-000004-002,TRX-20260901-000004,2,SKU-3008,Taro Net Seaweed 65g,1,9800.0,9800.0,0.0,False,NONE
TRX-20260901-000005-001,TRX-20260901-000005,1,SKU-2008,Sari Roti Sobek Cokelat,1,19500.0,19500.0,0.0,False,NONE
TRX-20260901-000005-002,TRX-20260901-000005,2,SKU-2003,Susu Ultra Milk Cokelat 1L,1,21500.0,21500.0,0.0,False,NONE
TRX-20260901-000005-003,TRX-20260901-000005,3,SKU-1012,Kornet Sapi Pronas 198g,1,26000.0,26000.0,0.0,False,NONE
TRX-20260901-000005-004,TRX-20260901-000005,4,SKU-3006,Coca Cola 390ml,2,7500.0,15000.0,0.0,False,NONE
TRX-20260901-000005-005,TRX-20260901-000005,5,SKU-3001,Air Mineral Aqua 600ml,1,4000.0,4000.0,0.0,False,NONE
TRX-20260901-000005-006,TRX-20260901-000005,6,SKU-3008,Taro Net Seaweed 65g,1,9800.0,9800.0,0.0,False,NONE
TRX-20260901-000006-001,TRX-20260901-000006,1,SKU-2008,Sari Roti Sobek Cokelat,1,19500.0,19500.0,0.0,False,NONE
TRX-20260901-000006-002,TRX-20260901-000006,2,SKU-2006,Mentega Blue Band 200g,1,12500.0,12500.0,0.0,False,NONE
TRX-20260901-000007-001,TRX-20260901-000007,1,SKU-2003,Susu Ultra Milk Cokelat 1L,1,21500.0,21500.0,0.0,False,NONE
TRX-20260901-000008-001,TRX-20260901-000008,1,SKU-1009,Indomie Kuah Ayam Bawang 69g,2,3400.0,6800.0,0.0,False,NONE
TRX-20260901-000008-002,TRX-20260901-000008,2,SKU-3008,Taro Net Seaweed 65g,1,9800.0,9800.0,0.0,False,NONE
TRX-20260901-000008-003,TRX-20260901-000008,3,SKU-1010,Sedaap Mie Goreng 90g,1,3400.0,3400.0,0.0,False,NONE
TRX-20260901-000008-004,TRX-20260901-000008,4,SKU-5003,Sabun Cuci Piring Sunlight 650ml,2,15500.0,31000.0,0.0,False,NONE
TRX-20260901-000008-005,TRX-20260901-000008,5,SKU-1008,Indomie Goreng Spesial 85g,2,3500.0,7000.0,0.0,False,NONE
TRX-20260901-000008-006,TRX-20260901-000008,6,SKU-1004,Tepung Terigu Segitiga Biru 1kg,2,13500.0,27000.0,0.0,False,NONE
TRX-20260901-000009-001,TRX-20260901-000009,1,SKU-1005,Garam Dapur Cap Kapal 250g,1,5000.0,5000.0,0.0,False,NONE
TRX-20260901-000009-002,TRX-20260901-000009,2,SKU-5003,Sabun Cuci Piring Sunlight 650ml,3,15500.0,46500.0,0.0,False,NONE
TRX-20260901-000009-003,TRX-20260901-000009,3,SKU-4005,Rexona Deodorant Roll On 45ml,2,20500.0,41000.0,0.0,False,NONE
TRX-20260901-000009-004,TRX-20260901-000009,4,SKU-1004,Tepung Terigu Segitiga Biru 1kg,2,13500.0,27000.0,0.0,False,NONE
TRX-20260901-000009-005,TRX-20260901-000009,5,SKU-1003,Gula Pasir Gulaku 1kg,1,17500.0,17500.0,0.0,False,NONE
TRX-20260901-000009-006,TRX-20260901-000009,6,SKU-1007,Saus Sambal ABC 335ml,3,17500.0,52500.0,0.0,False,NONE
TRX-20260901-000009-007,TRX-20260901-000009,7,SKU-4001,Sabun Mandi Lifebuoy Total 10 450ml,2,27500.0,55000.0,0.0,False,NONE
TRX-20260901-000009-008,TRX-20260901-000009,8,SKU-4003,Pasta Gigi Pepsodent 190g,1,17000.0,17000.0,0.0,False,NONE
TRX-20260901-000009-009,TRX-20260901-000009,9,SKU-4002,Shampoo Sunsilk Black Shine 160ml,2,26000.0,52000.0,0.0,False,NONE
TRX-20260901-000009-010,TRX-20260901-000009,10,SKU-4006,Paseo Facial Tissue 250 Sheets,1,16500.0,16500.0,0.0,False,NONE
TRX-20260901-000009-011,TRX-20260901-000009,11,SKU-5005,Baygon Obat Nyamuk Semprot 600ml,1,42000.0,42000.0,0.0,False,NONE
TRX-20260901-000009-012,TRX-20260901-000009,12,SKU-1006,Kecap Manis Bango 520ml,1,25500.0,25500.0,0.0,False,NONE
TRX-20260901-000009-013,TRX-20260901-000009,13,SKU-5002,Pewangi Pakaian Molto All in 1 720ml,2,24000.0,48000.0,0.0,False,NONE
TRX-20260901-000009-014,TRX-20260901-000009,14,SKU-5001,Deterjen Rinso Anti Noda 770g,1,23000.0,23000.0,0.0,False,NONE
TRX-20260901-000009-015,TRX-20260901-000009,15,SKU-4003,Pasta Gigi Pepsodent 190g,1,17000.0,17000.0,0.0,False,NONE
TRX-20260901-000009-016,TRX-20260901-000009,16,SKU-4004,Sikat Gigi Formula Double Action 3s,2,15500.0,31000.0,0.0,False,NONE
TRX-20260901-000010-001,TRX-20260901-000010,1,SKU-4006,Paseo Facial Tissue 250 Sheets,2,16500.0,33000.0,0.0,False,NONE
TRX-20260901-000010-002,TRX-20260901-000010,2,SKU-1008,Indomie Goreng Spesial 85g,1,3500.0,3500.0,0.0,False,NONE
TRX-20260901-000010-003,TRX-20260901-000010,3,SKU-2001,Telur Ayam Negeri 1kg,2,31000.0,62000.0,0.0,False,NONE
TRX-20260901-000010-004,TRX-20260901-000010,4,SKU-1009,Indomie Kuah Ayam Bawang 69g,1,3400.0,3400.0,0.0,False,NONE
TRX-20260901-000010-005,TRX-20260901-000010,5,SKU-1006,Kecap Manis Bango 520ml,3,25500.0,76500.0,0.0,False,NONE
TRX-20260901-000010-006,TRX-20260901-000010,6,SKU-5004,Pembersih Lantai Super Pell 770ml,5,14500.0,72500.0,0.0,False,NONE
TRX-20260901-000010-007,TRX-20260901-000010,7,SKU-4007,Minyak Telon My Baby 90ml,5,28000.0,140000.0,0.0,False,NONE
TRX-20260901-000010-008,TRX-20260901-000010,8,SKU-1004,Tepung Terigu Segitiga Biru 1kg,5,13500.0,67500.0,0.0,False,NONE
TRX-20260901-000010-009,TRX-20260901-000010,9,SKU-1001,Beras Pandan Wangi 5kg,2,78500.0,157000.0,0.0,False,NONE
TRX-20260901-000010-010,TRX-20260901-000010,10,SKU-1002,Minyak Goreng Bimoli 2L,2,37500.0,75000.0,0.0,False,NONE
TRX-20260901-000010-011,TRX-20260901-000010,11,SKU-4003,Pasta Gigi Pepsodent 190g,5,17000.0,85000.0,0.0,False,NONE
TRX-20260901-000010-012,TRX-20260901-000010,12,SKU-4004,Sikat Gigi Formula Double Action 3s,2,15500.0,31000.0,0.0,False,NONE
TRX-20260901-000010-013,TRX-20260901-000010,13,SKU-5002,Pewangi Pakaian Molto All in 1 720ml,2,24000.0,48000.0,0.0,False,NONE
TRX-20260901-000010-014,TRX-20260901-000010,14,SKU-4001,Sabun Mandi Lifebuoy Total 10 450ml,1,27500.0,27500.0,0.0,False,NONE
TRX-20260901-000010-015,TRX-20260901-000010,15,SKU-1010,Sedaap Mie Goreng 90g,2,3400.0,6800.0,0.0,False,NONE
TRX-20260901-000010-016,TRX-20260901-000010,16,SKU-1007,Saus Sambal ABC 335ml,2,17500.0,35000.0,0.0,False,NONE
TRX-20260901-000010-017,TRX-20260901-000010,17,SKU-5006,Baterai ABC Alkaline AA 4s,1,21000.0,21000.0,0.0,False,NONE
TRX-20260901-000010-018,TRX-20260901-000010,18,SKU-1011,Sarden ABC Saus Tomat 155g,2,12000.0,24000.0,0.0,False,NONE
TRX-20260901-000011-001,TRX-20260901-000011,1,SKU-1009,Indomie Kuah Ayam Bawang 69g,2,3400.0,6800.0,0.0,False,NONE
TRX-20260901-000011-002,TRX-20260901-000011,2,SKU-1008,Indomie Goreng Spesial 85g,2,3500.0,7000.0,0.0,False,NONE
TRX-20260901-000011-003,TRX-20260901-000011,3,SKU-3009,Oreo Original Roll 133g,2,11000.0,22000.0,0.0,False,NONE
TRX-20260901-000011-004,TRX-20260901-000011,4,SKU-1010,Sedaap Mie Goreng 90g,2,3400.0,6800.0,0.0,False,NONE
TRX-20260901-000012-001,TRX-20260901-000012,1,SKU-4007,Minyak Telon My Baby 90ml,1,28000.0,28000.0,0.0,False,NONE
TRX-20260901-000012-002,TRX-20260901-000012,2,SKU-1009,Indomie Kuah Ayam Bawang 69g,3,3400.0,10200.0,0.0,False,NONE
TRX-20260901-000012-003,TRX-20260901-000012,3,SKU-1007,Saus Sambal ABC 335ml,2,17500.0,35000.0,0.0,False,NONE
TRX-20260901-000012-004,TRX-20260901-000012,4,SKU-5005,Baygon Obat Nyamuk Semprot 600ml,2,42000.0,84000.0,0.0,False,NONE
TRX-20260901-000012-005,TRX-20260901-000012,5,SKU-4006,Paseo Facial Tissue 250 Sheets,2,16500.0,33000.0,0.0,False,NONE
TRX-20260901-000012-006,TRX-20260901-000012,6,SKU-5004,Pembersih Lantai Super Pell 770ml,1,14500.0,14500.0,0.0,False,NONE
TRX-20260901-000012-007,TRX-20260901-000012,7,SKU-4003,Pasta Gigi Pepsodent 190g,1,17000.0,17000.0,0.0,False,NONE
TRX-20260901-000012-008,TRX-20260901-000012,8,SKU-4004,Sikat Gigi Formula Double Action 3s,1,15500.0,15500.0,0.0,False,NONE
TRX-20260901-000012-009,TRX-20260901-000012,9,SKU-4004,Sikat Gigi Formula Double Action 3s,1,15500.0,15500.0,0.0,False,NONE
TRX-20260901-000012-010,TRX-20260901-000012,10,SKU-5003,Sabun Cuci Piring Sunlight 650ml,2,15500.0,31000.0,0.0,False,NONE
TRX-20260901-000012-011,TRX-20260901-000012,11,SKU-1008,Indomie Goreng Spesial 85g,1,3500.0,3500.0,0.0,False,NONE
TRX-20260901-000012-012,TRX-20260901-000012,12,SKU-1010,Sedaap Mie Goreng 90g,2,3400.0,6800.0,0.0,False,NONE
TRX-20260901-000012-013,TRX-20260901-000012,13,SKU-3001,Air Mineral Aqua 600ml,1,4000.0,4000.0,0.0,False,TYPO_SKU
TRX-20260901-000012-014,TRX-20260901-000012,14,SKU-1001,Beras Pandan Wangi 5kg,5,78500.0,392500.0,0.0,False,NONE
TRX-20260901-000012-015,TRX-20260901-000012,15,SKU-1003,Gula Pasir Gulaku 1kg,5,17500.0,87500.0,0.0,False,NONE
TRX-20260901-000012-016,TRX-20260901-000012,16,SKU-4001,Sabun Mandi Lifebuoy Total 10 450ml,1,27500.0,27500.0,0.0,False,NONE
TRX-20260901-000012-017,TRX-20260901-000012,17,SKU-4002,Shampoo Sunsilk Black Shine 160ml,2,26000.0,52000.0,0.0,False,NONE
TRX-20260901-000012-018,TRX-20260901-000012,18,SKU-1007,Saus Sambal ABC 335ml,1,17500.0,17500.0,0.0,False,NONE
TRX-20260901-000012-019,TRX-20260901-000012,19,SKU-1006,Kecap Manis Bango 520ml,3,25500.0,76500.0,0.0,False,NONE
TRX-20260901-000012-020,TRX-20260901-000012,20,SKU-5006,Baterai ABC Alkaline AA 4s,1,21000.0,21000.0,0.0,False,NONE
TRX-20260901-000013-001,TRX-20260901-000013,1,SKU-2007,Sari Roti Tawar Spesial,1,16500.0,16500.0,0.0,False,NONE
TRX-20260901-000014-001,TRX-20260901-000014,1,SKU-3010,SilverQueen Cokelat Mede 58g,1,17000.0,17000.0,0.0,False,NONE
TRX-20260901-000015-001,TRX-20260901-000015,1,SKU-3009,Oreo Original Roll 133g,1,11000.0,11000.0,0.0,False,NONE
TRX-20260901-000016-001,TRX-20260901-000016,1,SKU-1011,Sarden ABC Saus Tomat 155g,1,12000.0,12000.0,0.0,False,NONE
TRX-20260901-000016-002,TRX-20260901-000016,2,SKU-3008,Taro Net Seaweed 65g,1,9800.0,9800.0,0.0,False,NONE
TRX-20260901-000016-003,TRX-20260901-000016,3,SKU-4004,Sikat Gigi Formula Double Action 3s,1,15500.0,15500.0,0.0,False,NONE
TRX-20260901-000016-004,TRX-20260901-000016,4,SKU-3001,Air Mineral Aqua 600ml,2,4000.0,8000.0,0.0,False,NONE
TRX-20260901-000017-001,TRX-20260901-000017,1,SKU-5003,Sabun Cuci Piring Sunlight 650ml,1,15500.0,15500.0,0.0,False,NONE
TRX-20260901-000017-002,TRX-20260901-000017,2,SKU-3007,Chitato Sapi Panggang 68g,2,12500.0,25000.0,0.0,False,NONE
TRX-20260901-000017-003,TRX-20260901-000017,3,SKU-1008,Indomie Goreng Spesial 85g,2,3500.0,7000.0,0.0,False,NONE
TRX-20260901-000017-004,TRX-20260901-000017,4,SKU-1011,Sarden ABC Saus Tomat 155g,1,12000.0,12000.0,0.0,False,NONE
TRX-20260901-000017-005,TRX-20260901-000017,5,SKU-2004,Yakult Pack isi 5,1,11500.0,11500.0,0.0,False,NONE
TRX-20260901-000017-006,TRX-20260901-000017,6,SKU-3001,Air Mineral Aqua 600ml,1,4000.0,4000.0,0.0,False,NONE
TRX-20260901-000018-001,TRX-20260901-000018,1,SKU-2005,Keju Kraft Cheddar 165g,1,24000.0,24000.0,0.0,False,NONE
TRX-20260901-000018-002,TRX-20260901-000018,2,SKU-3006,Coca Cola 390ml,1,7500.0,7500.0,0.0,False,NONE
TRX-20260901-000018-003,TRX-20260901-000018,3,SKU-3007,Chitato Sapi Panggang 68g,1,12500.0,12500.0,0.0,True,VOID_ITEM
TRX-20260901-000019-001,TRX-20260901-000019,1,SKU-5003,Sabun Cuci Piring Sunlight 650ml,1,15500.0,15500.0,0.0,False,NONE
TRX-20260901-000019-002,TRX-20260901-000019,2,SKU-3007,Chitato Sapi Panggang 68g,1,12500.0,12500.0,0.0,False,NONE
TRX-20260901-000019-003,TRX-20260901-000019,3,SKU-3001,Air Mineral Aqua 600ml,1,4000.0,4000.0,0.0,False,NONE
TRX-20260901-000019-004,TRX-20260901-000019,4,SKU-3010,SilverQueen Cokelat Mede 58g,1,17000.0,17000.0,0.0,False,NONE
TRX-20260901-000019-005,TRX-20260901-000019,5,SKU-3005,Good Day Moccacino 250ml,2,8000.0,16000.0,0.0,False,NONE
TRX-20260901-000020-001,TRX-20260901-000020,1,SKU-3007,Chitato Sapi Panggang 68g,1,12500.0,12500.0,0.0,False,NONE
TRX-20260901-000020-002,TRX-20260901-000020,2,SKU-2001,Telur Ayam Negeri 1kg,1,31000.0,31000.0,0.0,False,NONE
TRX-20260901-000021-001,TRX-20260901-000021,1,SKU-3006,Coca Cola 390ml,1,7500.0,7500.0,0.0,False,NONE
TRX-20260901-000021-002,TRX-20260901-000021,2,SKU-3001,Air Mineral Aqua 600ml,1,4000.0,4000.0,0.0,False,NONE
TRX-20260901-000022-001,TRX-20260901-000022,1,SKU-3017,UNKNOWN PRODUCT,2,12500.0,25000.0,0.0,False,TYPO_SKU
TRX-20260901-000022-002,TRX-20260901-000022,2,SKU-1009,Indomie Kuah Ayam Bawang 69g,2,3400.0,6800.0,0.0,False,NONE
TRX-20260901-000022-003,TRX-20260901-000022,3,SKU-5004,Pembersih Lantai Super Pell 770ml,1,14500.0,14500.0,0.0,False,NONE
TRX-20260901-000022-004,TRX-20260901-000022,4,SKU-3005,Good Day Moccacino 250ml,2,8000.0,16000.0,0.0,False,NONE
TRX-20260901-000022-005,TRX-20260901-000022,5,SKU-4004,Sikat Gigi Formula Double Action 3s,1,15500.0,15500.0,0.0,False,NONE
TRX-20260901-000022-006,TRX-20260901-000022,6,SKU-3006,Coca Cola 390ml,1,7500.0,7500.0,0.0,False,NONE
TRX-20260901-000023-001,TRX-20260901-000023,1,SKU-2004,Yakult Pack isi 5,1,11500.0,11500.0,0.0,False,NONE
TRX-20260901-000023-002,TRX-20260901-000023,2,SKU-5001,Deterjen Rinso Anti Noda 770g,1,23000.0,23000.0,0.0,False,NONE
TRX-20260901-000023-003,TRX-20260901-000023,3,SKU-4001,Sabun Mandi Lifebuoy Total 10 450ml,1,27500.0,27500.0,0.0,False,NONE
TRX-20260901-000023-004,TRX-20260901-000023,4,SKU-5003,Sabun Cuci Piring Sunlight 650ml,1,15500.0,15500.0,0.0,False,NONE
TRX-20260901-000023-005,TRX-20260901-000023,5,SKU-3008,Taro Net Seaweed 65g,1,9800.0,9800.0,0.0,False,NONE
TRX-20260901-000023-006,TRX-20260901-000023,6,SKU-3003,Teh Pucuk Harum 350ml,2,4500.0,9000.0,0.0,False,NONE
TRX-20260901-000023-007,TRX-20260901-000023,7,SKU-3005,Good Day Moccacino 250ml,2,8000.0,16000.0,0.0,False,NONE
TRX-20260901-000024-001,TRX-20260901-000024,1,SKU-2006,Mentega Blue Band 200g,1,12500.0,12500.0,0.0,False,NONE
TRX-20260901-000024-002,TRX-20260901-000024,2,SKU-5001,Deterjen Rinso Anti Noda 770g,1,23000.0,23000.0,0.0,False,NONE
TRX-20260901-000024-003,TRX-20260901-000024,3,SKU-3007,Chitato Sapi Panggang 68g,1,12500.0,12500.0,0.0,False,NONE
TRX-20260901-000024-004,TRX-20260901-000024,4,SKU-2004,Yakult Pack isi 5,1,11500.0,11500.0,0.0,False,NONE
TRX-20260901-000024-005,TRX-20260901-000024,5,SKU-3006,Coca Cola 390ml,1,7500.0,7500.0,0.0,False,NONE
TRX-20260901-000024-006,TRX-20260901-000024,6,SKU-3007,Chitato Sapi Panggang 68g,1,12500.0,12500.0,0.0,False,NONE
TRX-20260901-000024-007,TRX-20260901-000024,7,SKU-3003,Teh Pucuk Harum 350ml,1,4500.0,4500.0,0.0,False,NONE
TRX-20260901-000024-008,TRX-20260901-000024,8,SKU-3009,Oreo Original Roll 133g,2,11000.0,22000.0,0.0,False,NONE
TRX-20260901-000025-001,TRX-20260901-000025,1,SKU-1009,Indomie Kuah Ayam Bawang 69g,1,3400.0,3400.0,0.0,False,NONE
TRX-20260901-000025-002,TRX-20260901-000025,2,SKU-3001,Air Mineral Aqua 600ml,1,4000.0,4000.0,0.0,False,NONE
TRX-20260901-000025-003,TRX-20260901-000025,3,SKU-5004,Pembersih Lantai Super Pell 770ml,1,14500.0,14500.0,0.0,False,NONE
TRX-20260901-000025-004,TRX-20260901-000025,4,SKU-1008,Indomie Goreng Spesial 85g,2,3500.0,7000.0,0.0,False,NONE
TRX-20260901-000025-005,TRX-20260901-000025,5,SKU-1010,Sedaap Mie Goreng 90g,2,3400.0,6800.0,0.0,False,NONE
TRX-20260901-000026-001,TRX-20260901-000026,1,SKU-5003,Sabun Cuci Piring Sunlight 650ml,2,15500.0,31000.0,0.0,False,NONE
TRX-20260901-000026-002,TRX-20260901-000026,2,SKU-3009,Oreo Original Roll 133g,1,11000.0,11000.0,0.0,False,NONE
TRX-20260901-000026-003,TRX-20260901-000026,3,SKU-1005,Garam Dapur Cap Kapal 250g,1,5000.0,5000.0,0.0,False,NONE
TRX-20260901-000026-004,TRX-20260901-000026,4,SKU-1006,Kecap Manis Bango 520ml,1,25500.0,25500.0,0.0,False,TYPO_SKU
TRX-20260901-000026-005,TRX-20260901-000026,5,SKU-3001,Air Mineral Aqua 600ml,2,4000.0,8000.0,0.0,False,NONE
TRX-20260901-000026-006,TRX-20260901-000026,6,SKU-4004,Sikat Gigi Formula Double Action 3s,2,15500.0,31000.0,0.0,False,NONE
TRX-20260901-000026-007,TRX-20260901-000026,7,SKU-1009,Indomie Kuah Ayam Bawang 69g,2,3400.0,6800.0,0.0,False,NONE
TRX-20260901-000026-008,TRX-20260901-000026,8,SKU-2004,Yakult Pack isi 5,2,11500.0,23000.0,0.0,False,NONE
TRX-20260901-000027-001,TRX-20260901-000027,1,SKU-3009,Oreo Original Roll 133g,1,11000.0,11000.0,0.0,False,NONE
TRX-20260901-000027-002,TRX-20260901-000027,2,SKU-3003,Teh Pucuk Harum 350ml,2,4500.0,9000.0,0.0,False,NONE
TRX-20260901-000027-003,TRX-20260901-000027,3,SKU-1008,Indomie Goreng Spesial 85g,2,3500.0,7000.0,0.0,False,NONE
TRX-20260901-000027-004,TRX-20260901-000027,4,SKU-3006,Coca Cola 390ml,1,7500.0,7500.0,0.0,False,NONE
TRX-20260901-000027-005,TRX-20260901-000027,5,SKU-3007,Chitato Sapi Panggang 68g,1,12500.0,12500.0,0.0,False,NONE
TRX-20260901-000027-006,TRX-20260901-000027,6,SKU-2006,Mentega Blue Band 200g,1,12500.0,12500.0,0.0,False,NONE
TRX-20260901-000027-007,TRX-20260901-000027,7,SKU-1010,Sedaap Mie Goreng 90g,2,3400.0,6800.0,0.0,False,NONE
TRX-20260901-000028-001,TRX-20260901-000028,1,SKU-4005,Rexona Deodorant Roll On 45ml,1,20500.0,20500.0,0.0,False,NONE
TRX-20260901-000028-002,TRX-20260901-000028,2,SKU-1010,Sedaap Mie Goreng 90g,1,3400.0,3400.0,0.0,False,NONE
TRX-20260901-000028-003,TRX-20260901-000028,3,SKU-1007,Saus Sambal ABC 335ml,2,17500.0,35000.0,0.0,False,NONE
TRX-20260901-000028-004,TRX-20260901-000028,4,SKU-1011,Sarden ABC Saus Tomat 155g,2,12000.0,24000.0,0.0,False,NONE
TRX-20260901-000028-005,TRX-20260901-000028,5,SKU-0008,UNKNOWN PRODUCT,1,3500.0,3500.0,0.0,False,TYPO_SKU
TRX-20260901-000028-006,TRX-20260901-000028,6,SKU-2001,Telur Ayam Negeri 1kg,2,31000.0,62000.0,0.0,False,NONE
TRX-20260901-000028-007,TRX-20260901-000028,7,SKU-4002,Shampoo Sunsilk Black Shine 160ml,3,26000.0,78000.0,0.0,False,NONE
TRX-20260901-000028-008,TRX-20260901-000028,8,SKU-4001,Sabun Mandi Lifebuoy Total 10 450ml,2,27500.0,55000.0,0.0,False,NONE
TRX-20260901-000028-009,TRX-20260901-000028,9,SKU-5006,Baterai ABC Alkaline AA 4s,1,21000.0,21000.0,0.0,False,NONE
TRX-20260901-000028-010,TRX-20260901-000028,10,SKU-1003,Gula Pasir Gulaku 1kg,5,17500.0,87500.0,0.0,False,NONE
TRX-20260901-000028-011,TRX-20260901-000028,11,SKU-1009,Indomie Kuah Ayam Bawang 69g,1,3400.0,3400.0,0.0,False,NONE
TRX-20260901-000028-012,TRX-20260901-000028,12,SKU-3001,Air Mineral Aqua 600ml,2,4000.0,8000.0,0.0,False,NONE
TRX-20260901-000028-013,TRX-20260901-000028,13,SKU-4006,Paseo Facial Tissue 250 Sheets,1,16500.0,16500.0,0.0,False,NONE
TRX-20260901-000028-014,TRX-20260901-000028,14,SKU-5004,Pembersih Lantai Super Pell 770ml,5,14500.0,72500.0,0.0,False,NONE
TRX-20260901-000028-015,TRX-20260901-000028,15,SKU-1002,Minyak Goreng Bimoli 2L,2,37500.0,75000.0,0.0,False,NONE
TRX-20260901-000028-016,TRX-20260901-000028,16,SKU-1004,Tepung Terigu Segitiga Biru 1kg,2,13500.0,27000.0,0.0,False,NONE
TRX-20260901-000028-017,TRX-20260901-000028,17,SKU-1006,Kecap Manis Bango 520ml,2,25500.0,51000.0,0.0,False,NONE
TRX-20260901-000028-018,TRX-20260901-000028,18,SKU-5003,Sabun Cuci Piring Sunlight 650ml,1,15500.0,15500.0,0.0,False,NONE
TRX-20260901-000028-019,TRX-20260901-000028,19,SKU-5001,Deterjen Rinso Anti Noda 770g,1,23000.0,23000.0,0.0,False,NONE
TRX-20260901-000028-020,TRX-20260901-000028,20,SKU-5001,Deterjen Rinso Anti Noda 770g,5,23000.0,115000.0,0.0,False,NONE
TRX-20260901-000028-021,TRX-20260901-000028,21,SKU-5002,Pewangi Pakaian Molto All in 1 720ml,2,24000.0,48000.0,0.0,False,NONE
TRX-20260901-000028-022,TRX-20260901-000028,22,SKU-1012,Kornet Sapi Pronas 198g,2,26000.0,52000.0,0.0,False,NONE
TRX-20260901-000029-001,TRX-20260901-000029,1,SKU-1001,Beras Pandan Wangi 5kg,1,78500.0,78500.0,0.0,False,NONE
TRX-20260901-000029-002,TRX-20260901-000029,2,SKU-1003,Gula Pasir Gulaku 1kg,3,17500.0,52500.0,0.0,False,NONE
TRX-20260901-000029-003,TRX-20260901-000029,3,SKU-4003,Pasta Gigi Pepsodent 190g,1,17000.0,17000.0,0.0,False,NONE
TRX-20260901-000029-004,TRX-20260901-000029,4,SKU-4004,Sikat Gigi Formula Double Action 3s,1,15500.0,15500.0,0.0,False,NONE
TRX-20260901-000029-005,TRX-20260901-000029,5,SKU-1006,Kecap Manis Bango 520ml,1,25500.0,25500.0,0.0,False,NONE
TRX-20260901-000029-006,TRX-20260901-000029,6,SKU-5003,Sabun Cuci Piring Sunlight 650ml,2,15500.0,31000.0,0.0,False,NONE
TRX-20260901-000029-007,TRX-20260901-000029,7,SKU-5004,Pembersih Lantai Super Pell 770ml,1,14500.0,14500.0,0.0,False,NONE
TRX-20260901-000029-008,TRX-20260901-000029,8,SKU-1002,Minyak Goreng Bimoli 2L,1,37500.0,37500.0,0.0,False,NONE
TRX-20260901-000029-009,TRX-20260901-000029,9,SKU-1004,Tepung Terigu Segitiga Biru 1kg,1,13500.0,13500.0,0.0,False,NONE
TRX-20260901-000029-010,TRX-20260901-000029,10,SKU-1010,Sedaap Mie Goreng 90g,1,3400.0,3400.0,0.0,False,NONE
TRX-20260901-000029-011,TRX-20260901-000029,11,SKU-5002,Pewangi Pakaian Molto All in 1 720ml,1,24000.0,24000.0,0.0,False,NONE
TRX-20260901-000029-012,TRX-20260901-000029,12,SKU-1012,Kornet Sapi Pronas 198g,2,26000.0,52000.0,0.0,False,NONE
TRX-20260901-000029-013,TRX-20260901-000029,13,SKU-1005,Garam Dapur Cap Kapal 250g,3,5000.0,15000.0,0.0,False,NONE
TRX-20260901-000029-014,TRX-20260901-000029,14,SKU-4001,Sabun Mandi Lifebuoy Total 10 450ml,2,27500.0,55000.0,0.0,False,NONE
TRX-20260901-000029-015,TRX-20260901-000029,15,SKU-4002,Shampoo Sunsilk Black Shine 160ml,2,26000.0,52000.0,0.0,False,NONE
TRX-20260901-000029-016,TRX-20260901-000029,16,SKU-5006,Baterai ABC Alkaline AA 4s,2,21000.0,42000.0,0.0,False,NONE
TRX-20260901-000029-017,TRX-20260901-000029,17,SKU-1004,Tepung Terigu Segitiga Biru 1kg,3,13500.0,40500.0,0.0,False,NONE
TRX-20260901-000030-001,TRX-20260901-000030,1,SKU-4006,Paseo Facial Tissue 250 Sheets,3,16500.0,49500.0,0.0,False,NONE
TRX-20260901-000030-002,TRX-20260901-000030,2,SKU-1002,Minyak Goreng Bimoli 2L,2,37500.0,75000.0,0.0,False,NONE
TRX-20260901-000030-003,TRX-20260901-000030,3,SKU-1006,Kecap Manis Bango 520ml,1,25500.0,25500.0,0.0,False,NONE
TRX-20260901-000030-004,TRX-20260901-000030,4,SKU-4007,Minyak Telon My Baby 90ml,3,28000.0,84000.0,0.0,False,NONE
TRX-20260901-000030-005,TRX-20260901-000030,5,SKU-1006,Kecap Manis Bango 520ml,2,25500.0,51000.0,0.0,False,NONE
TRX-20260901-000030-006,TRX-20260901-000030,6,SKU-4001,Sabun Mandi Lifebuoy Total 10 450ml,1,27500.0,27500.0,0.0,False,NONE
TRX-20260901-000030-007,TRX-20260901-000030,7,SKU-4003,Pasta Gigi Pepsodent 190g,1,17000.0,17000.0,0.0,False,NONE
TRX-20260901-000030-008,TRX-20260901-000030,8,SKU-1009,Indomie Kuah Ayam Bawang 69g,3,3400.0,10200.0,0.0,False,NONE
TRX-20260901-000030-009,TRX-20260901-000030,9,SKU-2001,Telur Ayam Negeri 1kg,2,31000.0,62000.0,0.0,False,NONE
TRX-20260901-000030-010,TRX-20260901-000030,10,SKU-1011,Sarden ABC Saus Tomat 155g,1,12000.0,12000.0,0.0,False,NONE
TRX-20260901-000030-011,TRX-20260901-000030,11,SKU-1005,Garam Dapur Cap Kapal 250g,1,5000.0,5000.0,0.0,False,NONE
TRX-20260901-000030-012,TRX-20260901-000030,12,SKU-4002,Shampoo Sunsilk Black Shine 160ml,2,26000.0,52000.0,0.0,False,NONE
TRX-20260901-000030-013,TRX-20260901-000030,13,SKU-4004,Sikat Gigi Formula Double Action 3s,2,15500.0,31000.0,0.0,False,NONE
TRX-20260901-000030-014,TRX-20260901-000030,14,SKU-4003,Pasta Gigi Pepsodent 190g,5,17000.0,85000.0,0.0,False,NONE
TRX-20260901-000030-015,TRX-20260901-000030,15,SKU-5003,Sabun Cuci Piring Sunlight 650ml,1,15500.0,15500.0,0.0,False,NONE
TRX-20260901-000030-016,TRX-20260901-000030,16,SKU-5001,Deterjen Rinso Anti Noda 770g,2,23000.0,46000.0,0.0,False,NONE
TRX-20260901-000030-017,TRX-20260901-000030,17,SKU-5004,Pembersih Lantai Super Pell 770ml,3,14500.0,43500.0,0.0,False,NONE
TRX-20260901-000030-018,TRX-20260901-000030,18,SKU-1004,Tepung Terigu Segitiga Biru 1kg,5,13500.0,67500.0,0.0,False,NONE
TRX-20260901-000030-019,TRX-20260901-000030,19,SKU-5002,Pewangi Pakaian Molto All in 1 720ml,2,24000.0,48000.0,0.0,False,NONE
TRX-20260901-000030-020,TRX-20260901-000030,20,SKU-5005,Baygon Obat Nyamuk Semprot 600ml,3,42000.0,126000.0,0.0,False,NONE
TRX-20260901-000030-021,TRX-20260901-000030,21,SKU-5001,Deterjen Rinso Anti Noda 770g,3,23000.0,69000.0,0.0,False,NONE
TRX-20260901-000030-022,TRX-20260901-000030,22,SKU-1007,Saus Sambal ABC 335ml,1,17500.0,17500.0,0.0,False,NONE
TRX-20260901-000031-001,TRX-20260901-000031,1,SKU-2001,Telur Ayam Negeri 1kg,1,31000.0,31000.0,0.0,False,NONE
TRX-20260901-000031-002,TRX-20260901-000031,2,SKU-2002,Susu Ultra Milk Full Cream 1L,1,21500.0,21500.0,0.0,False,NONE
TRX-20260901-000031-003,TRX-20260901-000031,3,SKU-3001,Air Mineral Aqua 600ml,1,4000.0,4000.0,0.0,False,NONE
TRX-20260901-000032-001,TRX-20260901-000032,1,SKU-5001,Deterjen Rinso Anti Noda 770g,3,23000.0,69000.0,0.0,False,NONE
TRX-20260901-000032-002,TRX-20260901-000032,2,SKU-5003,Sabun Cuci Piring Sunlight 650ml,2,15500.0,31000.0,0.0,False,NONE
TRX-20260901-000032-003,TRX-20260901-000032,3,SKU-4004,Sikat Gigi Formula Double Action 3s,1,15500.0,15500.0,0.0,False,NONE
TRX-20260901-000032-004,TRX-20260901-000032,4,SKU-5003,Sabun Cuci Piring Sunlight 650ml,1,15500.0,15500.0,0.0,False,NONE
TRX-20260901-000032-005,TRX-20260901-000032,5,SKU-4007,Minyak Telon My Baby 90ml,2,28000.0,56000.0,0.0,False,NONE
TRX-20260901-000032-006,TRX-20260901-000032,6,SKU-5002,Pewangi Pakaian Molto All in 1 720ml,1,24000.0,24000.0,0.0,False,NONE
TRX-20260901-000032-007,TRX-20260901-000032,7,SKU-1004,Tepung Terigu Segitiga Biru 1kg,3,13500.0,40500.0,0.0,False,NONE
TRX-20260901-000032-008,TRX-20260901-000032,8,SKU-1011,Sarden ABC Saus Tomat 155g,1,12000.0,12000.0,0.0,False,NONE
TRX-20260901-000032-009,TRX-20260901-000032,9,SKU-1008,Indomie Goreng Spesial 85g,1,3500.0,3500.0,0.0,False,NONE
TRX-20260901-000032-010,TRX-20260901-000032,10,SKU-3001,Air Mineral Aqua 600ml,2,4000.0,8000.0,0.0,False,NONE
TRX-20260901-000032-011,TRX-20260901-000032,11,SKU-1003,Gula Pasir Gulaku 1kg,2,17500.0,35000.0,0.0,False,NONE
TRX-20260901-000032-012,TRX-20260901-000032,12,SKU-4006,Paseo Facial Tissue 250 Sheets,1,16500.0,16500.0,0.0,False,NONE
TRX-20260901-000032-013,TRX-20260901-000032,13,SKU-5004,Pembersih Lantai Super Pell 770ml,2,14500.0,29000.0,0.0,False,NONE
TRX-20260901-000032-014,TRX-20260901-000032,14,SKU-4001,Sabun Mandi Lifebuoy Total 10 450ml,1,27500.0,27500.0,0.0,False,NONE
TRX-20260901-000032-015,TRX-20260901-000032,15,SKU-1002,Minyak Goreng Bimoli 2L,1,37500.0,37500.0,0.0,False,NONE
TRX-20260901-000032-016,TRX-20260901-000032,16,SKU-1010,Sedaap Mie Goreng 90g,1,3400.0,3400.0,0.0,False,NONE
TRX-20260901-000032-017,TRX-20260901-000032,17,SKU-2001,Telur Ayam Negeri 1kg,1,31000.0,31000.0,0.0,False,NONE
TRX-20260901-000032-018,TRX-20260901-000032,18,SKU-1007,Saus Sambal ABC 335ml,2,17500.0,35000.0,0.0,False,NONE
TRX-20260901-000032-019,TRX-20260901-000032,19,SKU-1009,Indomie Kuah Ayam Bawang 69g,3,3400.0,10200.0,0.0,False,NONE
TRX-20260901-000032-020,TRX-20260901-000032,20,SKU-4002,Shampoo Sunsilk Black Shine 160ml,2,26000.0,52000.0,0.0,False,NONE
TRX-20260901-000033-001,TRX-20260901-000033,1,SKU-5005,Baygon Obat Nyamuk Semprot 600ml,2,42000.0,84000.0,0.0,False,NONE
TRX-20260901-000033-002,TRX-20260901-000033,2,SKU-4004,Sikat Gigi Formula Double Action 3s,3,15500.0,46500.0,0.0,False,NONE
TRX-20260901-000033-003,TRX-20260901-000033,3,SKU-1006,Kecap Manis Bango 520ml,2,25500.0,51000.0,0.0,False,NONE
TRX-20260901-000033-004,TRX-20260901-000033,4,SKU-1010,Sedaap Mie Goreng 90g,1,3400.0,3400.0,0.0,False,NONE
TRX-20260901-000033-005,TRX-20260901-000033,5,SKU-2001,Telur Ayam Negeri 1kg,2,31000.0,62000.0,0.0,False,NONE
TRX-20260901-000033-006,TRX-20260901-000033,6,SKU-5004,Pembersih Lantai Super Pell 770ml,1,14500.0,14500.0,0.0,False,NONE
TRX-20260901-000033-007,TRX-20260901-000033,7,SKU-1007,Saus Sambal ABC 335ml,2,17500.0,35000.0,0.0,False,NONE
TRX-20260901-000033-008,TRX-20260901-000033,8,SKU-4006,Paseo Facial Tissue 250 Sheets,2,16500.0,33000.0,0.0,False,NONE
TRX-20260901-000033-009,TRX-20260901-000033,9,SKU-1009,Indomie Kuah Ayam Bawang 69g,1,3400.0,3400.0,0.0,False,NONE
TRX-20260901-000033-010,TRX-20260901-000033,10,SKU-3001,Air Mineral Aqua 600ml,1,4000.0,4000.0,0.0,False,NONE
TRX-20260901-000033-011,TRX-20260901-000033,11,SKU-4002,Shampoo Sunsilk Black Shine 160ml,1,26000.0,26000.0,0.0,False,NONE
TRX-20260901-000033-012,TRX-20260901-000033,12,SKU-4001,Sabun Mandi Lifebuoy Total 10 450ml,2,27500.0,55000.0,0.0,False,NONE
TRX-20260901-000034-001,TRX-20260901-000034,1,SKU-1011,Sarden ABC Saus Tomat 155g,2,12000.0,24000.0,0.0,True,VOID_ITEM
TRX-20260901-000034-002,TRX-20260901-000034,2,SKU-3005,Good Day Moccacino 250ml,1,8000.0,8000.0,0.0,False,NONE
TRX-20260901-000034-003,TRX-20260901-000034,3,SKU-1008,Indomie Goreng Spesial 85g,1,3500.0,3500.0,0.0,False,NONE
TRX-20260901-000034-004,TRX-20260901-000034,4,SKU-1009,Indomie Kuah Ayam Bawang 69g,1,3400.0,3400.0,0.0,False,NONE
TRX-20260901-000034-005,TRX-20260901-000034,5,SKU-2006,Mentega Blue Band 200g,2,12500.0,25000.0,0.0,False,NONE
TRX-20260901-000034-006,TRX-20260901-000034,6,SKU-3007,Chitato Sapi Panggang 68g,1,12500.0,12500.0,0.0,False,NONE
TRX-20260901-000035-001,TRX-20260901-000035,1,SKU-3010,SilverQueen Cokelat Mede 58g,1,17000.0,17000.0,0.0,False,NONE
TRX-20260901-000035-002,TRX-20260901-000035,2,SKU-2008,Sari Roti Sobek Cokelat,1,19500.0,19500.0,0.0,False,NONE
TRX-20260901-000035-003,TRX-20260901-000035,3,SKU-4004,Sikat Gigi Formula Double Action 3s,1,15500.0,15500.0,0.0,False,NONE
TRX-20260901-000035-004,TRX-20260901-000035,4,SKU-3003,Teh Pucuk Harum 350ml,1,4500.0,4500.0,0.0,False,NONE
TRX-20260901-000035-005,TRX-20260901-000035,5,SKU-3007,Chitato Sapi Panggang 68g,2,12500.0,25000.0,0.0,False,NONE
TRX-20260901-000036-001,TRX-20260901-000036,1,SKU-2006,Mentega Blue Band 200g,1,12500.0,12500.0,0.0,False,NONE
TRX-20260901-000036-002,TRX-20260901-000036,2,SKU-3007,Chitato Sapi Panggang 68g,2,12500.0,25000.0,0.0,False,NONE
TRX-20260901-000036-003,TRX-20260901-000036,3,SKU-4004,Sikat Gigi Formula Double Action 3s,1,15500.0,15500.0,0.0,False,NONE
TRX-20260901-000036-004,TRX-20260901-000036,4,SKU-2004,Yakult Pack isi 5,2,11500.0,23000.0,0.0,False,NONE
TRX-20260901-000036-005,TRX-20260901-000036,5,SKU-5006,Baterai ABC Alkaline AA 4s,2,21000.0,42000.0,0.0,True,VOID_ITEM
TRX-20260901-000037-001,TRX-20260901-000037,1,SKU-3010,SilverQueen Cokelat Mede 58g,1,17000.0,17000.0,0.0,False,NONE
TRX-20260901-000037-002,TRX-20260901-000037,2,SKU-2008,Sari Roti Sobek Cokelat,1,19500.0,19500.0,0.0,False,NONE
TRX-20260901-000037-003,TRX-20260901-000037,3,SKU-2006,Mentega Blue Band 200g,1,12500.0,12500.0,0.0,False,NONE
TRX-20260902-000038-001,TRX-20260902-000038,1,SKU-1011,Sarden ABC Saus Tomat 155g,2,12000.0,24000.0,0.0,False,NONE
TRX-20260902-000038-002,TRX-20260902-000038,2,SKU-3005,Good Day Moccacino 250ml,2,8000.0,16000.0,0.0,False,NONE
TRX-20260902-000038-003,TRX-20260902-000038,3,SKU-1010,Sedaap Mie Goreng 90g,2,3400.0,6800.0,0.0,False,NONE
TRX-20260902-000038-004,TRX-20260902-000038,4,SKU-3008,Taro Net Seaweed 65g,1,9800.0,9800.0,0.0,False,NONE
TRX-20260902-000038-005,TRX-20260902-000038,5,SKU-1004,Tepung Terigu Segitiga Biru 1kg,2,13500.0,27000.0,0.0,False,NONE
TRX-20260902-000038-006,TRX-20260902-000038,6,SKU-3004,Kopi Kapal Api Spesial Mix 10s,1,15500.0,15500.0,0.0,False,NONE
TRX-20260902-000039-001,TRX-20260902-000039,1,SKU-2006,Mentega Blue Band 200g,1,12500.0,12500.0,0.0,False,NONE
TRX-20260902-000039-002,TRX-20260902-000039,2,SKU-3004,Kopi Kapal Api Spesial Mix 10s,1,15500.0,15500.0,0.0,False,NONE
TRX-20260902-000040-001,TRX-20260902-000040,1,SKU-5004,Pembersih Lantai Super Pell 770ml,1,14500.0,14500.0,0.0,False,NONE
TRX-20260902-000040-002,TRX-20260902-000040,2,SKU-1005,Garam Dapur Cap Kapal 250g,1,5000.0,5000.0,0.0,False,NONE
TRX-20260902-000040-003,TRX-20260902-000040,3,SKU-3008,Taro Net Seaweed 65g,2,9800.0,19600.0,0.0,False,NONE
TRX-20260902-000040-004,TRX-20260902-000040,4,SKU-3009,Oreo Original Roll 133g,2,11000.0,22000.0,0.0,False,NONE
TRX-20260902-000040-005,TRX-20260902-000040,5,SKU-4004,Sikat Gigi Formula Double Action 3s,1,15500.0,15500.0,0.0,False,NONE
TRX-20260902-000040-006,TRX-20260902-000040,6,SKU-3003,Teh Pucuk Harum 350ml,2,4500.0,9000.0,0.0,False,NONE
TRX-20260902-000041-001,TRX-20260902-000041,1,SKU-3004,Kopi Kapal Api Spesial Mix 10s,1,15500.0,15500.0,0.0,False,NONE
TRX-20260902-000042-001,TRX-20260902-000042,1,SKU-3009,Oreo Original Roll 133g,1,11000.0,11000.0,0.0,True,VOID_ITEM
TRX-20260902-000042-002,TRX-20260902-000042,2,SKU-3007,Chitato Sapi Panggang 68g,2,12500.0,25000.0,0.0,False,NONE
TRX-20260902-000042-003,TRX-20260902-000042,3,SKU-3002,Air Mineral Le Minerale 600ml,1,3800.0,3800.0,0.0,False,NONE
TRX-20260902-000042-004,TRX-20260902-000042,4,SKU-2006,Mentega Blue Band 200g,1,12500.0,12500.0,0.0,False,NONE
TRX-20260902-000042-005,TRX-20260902-000042,5,SKU-1004,Tepung Terigu Segitiga Biru 1kg,2,13500.0,27000.0,0.0,False,NONE
TRX-20260902-000042-006,TRX-20260902-000042,6,SKU-3001,Air Mineral Aqua 600ml,1,4000.0,4000.0,0.0,False,NONE
TRX-20260902-000042-007,TRX-20260902-000042,7,SKU-1011,Sarden ABC Saus Tomat 155g,1,12000.0,12000.0,0.0,False,NONE
TRX-20260902-000042-008,TRX-20260902-000042,8,SKU-1008,Indomie Goreng Spesial 85g,2,3500.0,7000.0,0.0,False,NONE
TRX-20260902-000042-009,TRX-20260902-000042,9,SKU-2004,Yakult Pack isi 5,2,11500.0,23000.0,0.0,True,VOID_ITEM
TRX-20260902-000043-001,TRX-20260902-000043,1,SKU-4006,Paseo Facial Tissue 250 Sheets,1,16500.0,16500.0,0.0,False,NONE
TRX-20260902-000043-002,TRX-20260902-000043,2,SKU-2003,Susu Ultra Milk Cokelat 1L,1,21500.0,21500.0,0.0,False,NONE
TRX-20260902-000043-003,TRX-20260902-000043,3,SKU-4002,Shampoo Sunsilk Black Shine 160ml,2,26000.0,52000.0,0.0,False,TYPO_SKU
TRX-20260902-000044-001,TRX-20260902-000044,1,SKU-5002,Pewangi Pakaian Molto All in 1 720ml,1,24000.0,24000.0,0.0,False,NONE
TRX-20260902-000044-002,TRX-20260902-000044,2,SKU-1012,Kornet Sapi Pronas 198g,3,26000.0,78000.0,0.0,False,NONE
TRX-20260902-000044-003,TRX-20260902-000044,3,SKU-1004,Tepung Terigu Segitiga Biru 1kg,2,13500.0,27000.0,0.0,False,NONE
TRX-20260902-000044-004,TRX-20260902-000044,4,SKU-1007,Saus Sambal ABC 335ml,2,17500.0,35000.0,0.0,True,VOID_ITEM
TRX-20260902-000044-005,TRX-20260902-000044,5,SKU-4005,Rexona Deodorant Roll On 45ml,2,20500.0,41000.0,0.0,False,NONE
TRX-20260902-000044-006,TRX-20260902-000044,6,SKU-5001,Deterjen Rinso Anti Noda 770g,2,23000.0,46000.0,0.0,False,NONE
TRX-20260902-000044-007,TRX-20260902-000044,7,SKU-5003,Sabun Cuci Piring Sunlight 650ml,1,15500.0,15500.0,0.0,False,NONE
TRX-20260902-000044-008,TRX-20260902-000044,8,SKU-1009,Indomie Kuah Ayam Bawang 69g,5,3400.0,17000.0,0.0,False,NONE
TRX-20260902-000044-009,TRX-20260902-000044,9,SKU-4002,Shampoo Sunsilk Black Shine 160ml,1,26000.0,26000.0,0.0,False,NONE
TRX-20260902-000044-010,TRX-20260902-000044,10,SKU-4003,Pasta Gigi Pepsodent 190g,2,17000.0,34000.0,0.0,False,NONE
TRX-20260902-000044-011,TRX-20260902-000044,11,SKU-5004,Pembersih Lantai Super Pell 770ml,2,14500.0,29000.0,0.0,False,NONE
TRX-20260902-000044-012,TRX-20260902-000044,12,SKU-1011,Sarden ABC Saus Tomat 155g,1,12000.0,12000.0,0.0,False,NONE
TRX-20260902-000044-013,TRX-20260902-000044,13,SKU-4003,Pasta Gigi Pepsodent 190g,1,17000.0,17000.0,0.0,False,NONE
TRX-20260902-000044-014,TRX-20260902-000044,14,SKU-4004,Sikat Gigi Formula Double Action 3s,1,15500.0,15500.0,0.0,False,NONE
TRX-20260902-000044-015,TRX-20260902-000044,15,SKU-1006,Kecap Manis Bango 520ml,2,25500.0,51000.0,0.0,False,NONE
TRX-20260902-000044-016,TRX-20260902-000044,16,SKU-5005,Baygon Obat Nyamuk Semprot 600ml,1,42000.0,42000.0,0.0,False,NONE
TRX-20260902-000044-017,TRX-20260902-000044,17,SKU-4004,Sikat Gigi Formula Double Action 3s,2,15500.0,31000.0,0.0,False,NONE
TRX-20260902-000044-018,TRX-20260902-000044,18,SKU-1001,Beras Pandan Wangi 5kg,3,78500.0,235500.0,0.0,False,NONE
TRX-20260902-000044-019,TRX-20260902-000044,19,SKU-5003,Sabun Cuci Piring Sunlight 650ml,2,15500.0,31000.0,0.0,True,VOID_ITEM
TRX-20260902-000044-020,TRX-20260902-000044,20,SKU-1002,Minyak Goreng Bimoli 2L,1,37500.0,37500.0,0.0,False,NONE
TRX-20260902-000045-001,TRX-20260902-000045,1,SKU-3007,Chitato Sapi Panggang 68g,1,12500.0,12500.0,0.0,False,NONE
TRX-20260902-000045-002,TRX-20260902-000045,2,SKU-3004,Kopi Kapal Api Spesial Mix 10s,1,15500.0,15500.0,0.0,False,NONE
TRX-20260902-000045-003,TRX-20260902-000045,3,SKU-4004,Sikat Gigi Formula Double Action 3s,1,15500.0,15500.0,0.0,False,NONE
TRX-20260902-000045-004,TRX-20260902-000045,4,SKU-1005,Garam Dapur Cap Kapal 250g,1,5000.0,5000.0,0.0,False,NONE
TRX-20260902-000045-005,TRX-20260902-000045,5,SKU-4007,Minyak Telon My Baby 90ml,1,28000.0,28000.0,0.0,False,NONE
TRX-20260902-000045-006,TRX-20260902-000045,6,SKU-3008,Taro Net Seaweed 65g,2,9800.0,19600.0,0.0,False,NONE
TRX-20260902-000046-001,TRX-20260902-000046,1,SKU-2006,Mentega Blue Band 200g,2,12500.0,25000.0,0.0,False,NONE
TRX-20260902-000046-002,TRX-20260902-000046,2,SKU-1009,Indomie Kuah Ayam Bawang 69g,2,3400.0,6800.0,0.0,False,NONE
TRX-20260902-000046-003,TRX-20260902-000046,3,SKU-5004,Pembersih Lantai Super Pell 770ml,2,14500.0,29000.0,0.0,False,NONE
TRX-20260902-000046-004,TRX-20260902-000046,4,SKU-1011,Sarden ABC Saus Tomat 155g,1,12000.0,12000.0,0.0,False,NONE
TRX-20260902-000046-005,TRX-20260902-000046,5,SKU-3091,UNKNOWN PRODUCT,2,4000.0,8000.0,0.0,False,TYPO_SKU
TRX-20260902-000046-006,TRX-20260902-000046,6,SKU-2004,Yakult Pack isi 5,1,11500.0,11500.0,0.0,False,NONE
TRX-20260902-000046-007,TRX-20260902-000046,7,SKU-3007,Chitato Sapi Panggang 68g,1,12500.0,12500.0,0.0,False,NONE
TRX-20260902-000047-001,TRX-20260902-000047,1,SKU-3001,Air Mineral Aqua 600ml,1,4000.0,4000.0,0.0,False,NONE
TRX-20260902-000047-002,TRX-20260902-000047,2,SKU-2007,Sari Roti Tawar Spesial,1,16500.0,16500.0,0.0,False,NONE
TRX-20260902-000047-003,TRX-20260902-000047,3,SKU-2003,Susu Ultra Milk Cokelat 1L,1,21500.0,21500.0,0.0,False,NONE
TRX-20260902-000048-001,TRX-20260902-000048,1,SKU-3005,Good Day Moccacino 250ml,1,8000.0,8000.0,0.0,False,NONE
TRX-20260902-000048-002,TRX-20260902-000048,2,SKU-2202,UNKNOWN PRODUCT,1,21500.0,21500.0,0.0,False,TYPO_SKU
TRX-20260902-000048-003,TRX-20260902-000048,3,SKU-2001,Telur Ayam Negeri 1kg,1,31000.0,31000.0,0.0,False,NONE
TRX-20260902-000049-001,TRX-20260902-000049,1,SKU-1009,Indomie Kuah Ayam Bawang 69g,2,3400.0,6800.0,0.0,False,NONE
TRX-20260902-000049-002,TRX-20260902-000049,2,SKU-3007,Chitato Sapi Panggang 68g,1,12500.0,12500.0,0.0,False,NONE
TRX-20260902-000049-003,TRX-20260902-000049,3,SKU-3006,Coca Cola 390ml,2,7500.0,15000.0,0.0,False,NONE
TRX-20260902-000049-004,TRX-20260902-000049,4,SKU-4004,Sikat Gigi Formula Double Action 3s,1,15500.0,15500.0,0.0,False,NONE
TRX-20260902-000050-001,TRX-20260902-000050,1,SKU-1006,Kecap Manis Bango 520ml,1,25500.0,25500.0,0.0,False,NONE
TRX-20260902-000050-002,TRX-20260902-000050,2,SKU-4005,Rexona Deodorant Roll On 45ml,2,20500.0,41000.0,0.0,False,NONE
TRX-20260902-000050-003,TRX-20260902-000050,3,SKU-5004,Pembersih Lantai Super Pell 770ml,1,14500.0,14500.0,0.0,False,NONE
TRX-20260902-000050-004,TRX-20260902-000050,4,SKU-1011,Sarden ABC Saus Tomat 155g,2,12000.0,24000.0,0.0,False,NONE
TRX-20260902-000050-005,TRX-20260902-000050,5,SKU-1004,Tepung Terigu Segitiga Biru 1kg,1,13500.0,13500.0,0.0,False,NONE
TRX-20260902-000050-006,TRX-20260902-000050,6,SKU-4007,Minyak Telon My Baby 90ml,5,28000.0,140000.0,0.0,False,NONE
TRX-20260902-000050-007,TRX-20260902-000050,7,SKU-5005,Baygon Obat Nyamuk Semprot 600ml,1,42000.0,42000.0,0.0,False,NONE
TRX-20260902-000050-008,TRX-20260902-000050,8,SKU-5006,Baterai ABC Alkaline AA 4s,2,21000.0,42000.0,0.0,False,NONE
TRX-20260902-000050-009,TRX-20260902-000050,9,SKU-5001,Deterjen Rinso Anti Noda 770g,5,23000.0,115000.0,0.0,False,NONE
TRX-20260902-000050-010,TRX-20260902-000050,10,SKU-1005,Garam Dapur Cap Kapal 250g,1,5000.0,5000.0,0.0,False,NONE
TRX-20260902-000050-011,TRX-20260902-000050,11,SKU-1009,Indomie Kuah Ayam Bawang 69g,1,3400.0,3400.0,0.0,False,NONE
TRX-20260902-000050-012,TRX-20260902-000050,12,SKU-2001,Telur Ayam Negeri 1kg,2,31000.0,62000.0,0.0,False,NONE
TRX-20260902-000050-013,TRX-20260902-000050,13,SKU-1002,Minyak Goreng Bimoli 2L,3,37500.0,112500.0,0.0,False,NONE
TRX-20260902-000050-014,TRX-20260902-000050,14,SKU-4001,Sabun Mandi Lifebuoy Total 10 450ml,3,27500.0,82500.0,0.0,False,NONE
TRX-20260902-000050-015,TRX-20260902-000050,15,SKU-4002,Shampoo Sunsilk Black Shine 160ml,2,26000.0,52000.0,0.0,False,NONE
TRX-20260902-000050-016,TRX-20260902-000050,16,SKU-4002,Shampoo Sunsilk Black Shine 160ml,3,26000.0,78000.0,0.0,False,NONE
TRX-20260902-000050-017,TRX-20260902-000050,17,SKU-1008,Indomie Goreng Spesial 85g,2,3500.0,7000.0,0.0,False,NONE
TRX-20260902-000051-001,TRX-20260902-000051,1,SKU-2003,Susu Ultra Milk Cokelat 1L,1,21500.0,21500.0,0.0,False,NONE
TRX-20260902-000051-002,TRX-20260902-000051,2,SKU-3001,Air Mineral Aqua 600ml,1,4000.0,4000.0,0.0,False,NONE
TRX-20260902-000051-003,TRX-20260902-000051,3,SKU-2007,Sari Roti Tawar Spesial,1,16500.0,16500.0,0.0,False,NONE
TRX-20260902-000052-001,TRX-20260902-000052,1,SKU-3004,Kopi Kapal Api Spesial Mix 10s,1,15500.0,15500.0,0.0,False,NONE
TRX-20260902-000053-001,TRX-20260902-000053,1,SKU-1010,Sedaap Mie Goreng 90g,1,3400.0,3400.0,0.0,False,NONE
TRX-20260902-000053-002,TRX-20260902-000053,2,SKU-5002,Pewangi Pakaian Molto All in 1 720ml,5,24000.0,120000.0,0.0,False,NONE
TRX-20260902-000053-003,TRX-20260902-000053,3,SKU-4006,Paseo Facial Tissue 250 Sheets,1,16500.0,16500.0,0.0,False,NONE
TRX-20260902-000053-004,TRX-20260902-000053,4,SKU-4001,Sabun Mandi Lifebuoy Total 10 450ml,2,27500.0,55000.0,0.0,False,NONE
TRX-20260902-000053-005,TRX-20260902-000053,5,SKU-4003,Pasta Gigi Pepsodent 190g,1,17000.0,17000.0,0.0,False,NONE
TRX-20260902-000053-006,TRX-20260902-000053,6,SKU-5005,Baygon Obat Nyamuk Semprot 600ml,1,42000.0,42000.0,0.0,False,NONE
TRX-20260902-000053-007,TRX-20260902-000053,7,SKU-4005,Rexona Deodorant Roll On 45ml,1,20500.0,20500.0,0.0,False,NONE
TRX-20260902-000053-008,TRX-20260902-000053,8,SKU-1006,Kecap Manis Bango 520ml,3,25500.0,76500.0,0.0,False,NONE
TRX-20260902-000053-009,TRX-20260902-000053,9,SKU-1005,Garam Dapur Cap Kapal 250g,5,5000.0,25000.0,0.0,False,NONE
TRX-20260902-000053-010,TRX-20260902-000053,10,SKU-1011,Sarden ABC Saus Tomat 155g,1,12000.0,12000.0,0.0,False,NONE
TRX-20260902-000053-011,TRX-20260902-000053,11,SKU-1007,Saus Sambal ABC 335ml,1,17500.0,17500.0,0.0,False,NONE
TRX-20260902-000053-012,TRX-20260902-000053,12,SKU-5001,Deterjen Rinso Anti Noda 770g,2,23000.0,46000.0,0.0,False,NONE
TRX-20260902-000053-013,TRX-20260902-000053,13,SKU-5003,Sabun Cuci Piring Sunlight 650ml,1,15500.0,15500.0,0.0,False,NONE
TRX-20260902-000054-001,TRX-20260902-000054,1,SKU-2004,Yakult Pack isi 5,1,11500.0,11500.0,0.0,False,NONE
TRX-20260902-000055-001,TRX-20260902-000055,1,SKU-3002,Air Mineral Le Minerale 600ml,1,3800.0,3800.0,0.0,False,NONE
TRX-20260902-000055-002,TRX-20260902-000055,2,SKU-2006,Mentega Blue Band 200g,1,12500.0,12500.0,0.0,False,NONE
TRX-20260902-000056-001,TRX-20260902-000056,1,SKU-3009,Oreo Original Roll 133g,1,11000.0,11000.0,0.0,False,NONE
TRX-20260902-000057-001,TRX-20260902-000057,1,SKU-2001,Telur Ayam Negeri 1kg,1,31000.0,31000.0,0.0,False,NONE
TRX-20260902-000058-001,TRX-20260902-000058,1,SKU-3010,SilverQueen Cokelat Mede 58g,1,17000.0,17000.0,0.0,False,NONE
TRX-20260902-000058-002,TRX-20260902-000058,2,SKU-3008,Taro Net Seaweed 65g,1,9800.0,9800.0,0.0,False,NONE
TRX-20260902-000058-003,TRX-20260902-000058,3,SKU-2004,Yakult Pack isi 5,1,11500.0,11500.0,0.0,False,NONE
TRX-20260902-000059-001,TRX-20260902-000059,1,SKU-1011,Sarden ABC Saus Tomat 155g,1,12000.0,12000.0,0.0,False,NONE
TRX-20260902-000059-002,TRX-20260902-000059,2,SKU-2002,Susu Ultra Milk Full Cream 1L,1,21500.0,21500.0,0.0,False,NONE
TRX-20260902-000059-003,TRX-20260902-000059,3,SKU-2001,Telur Ayam Negeri 1kg,1,31000.0,31000.0,0.0,False,NONE
TRX-20260902-000059-004,TRX-20260902-000059,4,SKU-3007,Chitato Sapi Panggang 68g,1,12500.0,12500.0,0.0,False,NONE
TRX-20260902-000060-001,TRX-20260902-000060,1,SKU-3003,Teh Pucuk Harum 350ml,1,4500.0,4500.0,0.0,False,NONE
TRX-20260902-000060-002,TRX-20260902-000060,2,SKU-3006,Coca Cola 390ml,1,7500.0,7500.0,0.0,False,NONE
TRX-20260902-000061-001,TRX-20260902-000061,1,SKU-4004,Sikat Gigi Formula Double Action 3s,2,15500.0,31000.0,0.0,False,NONE
TRX-20260902-000061-002,TRX-20260902-000061,2,SKU-1009,Indomie Kuah Ayam Bawang 69g,1,3400.0,3400.0,0.0,False,NONE
TRX-20260902-000061-003,TRX-20260902-000061,3,SKU-4002,Shampoo Sunsilk Black Shine 160ml,2,26000.0,52000.0,0.0,False,NONE
TRX-20260902-000061-004,TRX-20260902-000061,4,SKU-4007,Minyak Telon My Baby 90ml,5,28000.0,140000.0,0.0,False,NONE
TRX-20260902-000061-005,TRX-20260902-000061,5,SKU-1012,Kornet Sapi Pronas 198g,2,26000.0,52000.0,0.0,False,NONE
TRX-20260902-000061-006,TRX-20260902-000061,6,SKU-1006,Kecap Manis Bango 520ml,3,25500.0,76500.0,0.0,False,NONE
TRX-20260902-000061-007,TRX-20260902-000061,7,SKU-1007,Saus Sambal ABC 335ml,1,17500.0,17500.0,0.0,False,NONE
TRX-20260902-000061-008,TRX-20260902-000061,8,SKU-1010,Sedaap Mie Goreng 90g,3,3400.0,10200.0,0.0,False,NONE
TRX-20260902-000061-009,TRX-20260902-000061,9,SKU-1005,Garam Dapur Cap Kapal 250g,5,5000.0,25000.0,0.0,False,NONE
TRX-20260902-000061-010,TRX-20260902-000061,10,SKU-5001,Deterjen Rinso Anti Noda 770g,2,23000.0,46000.0,0.0,False,NONE
TRX-20260902-000061-011,TRX-20260902-000061,11,SKU-1008,Indomie Goreng Spesial 85g,1,3500.0,3500.0,0.0,False,NONE
TRX-20260902-000061-012,TRX-20260902-000061,12,SKU-1004,Tepung Terigu Segitiga Biru 1kg,5,13500.0,67500.0,0.0,True,VOID_ITEM
TRX-20260902-000061-013,TRX-20260902-000061,13,SKU-4006,Paseo Facial Tissue 250 Sheets,3,16500.0,49500.0,0.0,False,NONE
TRX-20260902-000061-014,TRX-20260902-000061,14,SKU-5006,Baterai ABC Alkaline AA 4s,2,21000.0,42000.0,0.0,False,NONE
TRX-20260902-000061-015,TRX-20260902-000061,15,SKU-5003,Sabun Cuci Piring Sunlight 650ml,2,15500.0,31000.0,0.0,False,NONE
TRX-20260902-000061-016,TRX-20260902-000061,16,SKU-5004,Pembersih Lantai Super Pell 770ml,2,14500.0,29000.0,0.0,False,NONE
TRX-20260902-000061-017,TRX-20260902-000061,17,SKU-5004,Pembersih Lantai Super Pell 770ml,2,14500.0,29000.0,0.0,False,NONE
TRX-20260902-000061-018,TRX-20260902-000061,18,SKU-5005,Baygon Obat Nyamuk Semprot 600ml,5,42000.0,210000.0,0.0,False,NONE
TRX-20260902-000061-019,TRX-20260902-000061,19,SKU-4005,Rexona Deodorant Roll On 45ml,3,20500.0,61500.0,0.0,False,NONE
TRX-20260902-000062-001,TRX-20260902-000062,1,SKU-5001,Deterjen Rinso Anti Noda 770g,1,23000.0,23000.0,0.0,False,NONE
TRX-20260902-000062-002,TRX-20260902-000062,2,SKU-2008,Sari Roti Sobek Cokelat,1,19500.0,19500.0,0.0,False,NONE
TRX-20260902-000062-003,TRX-20260902-000062,3,SKU-2005,Keju Kraft Cheddar 165g,1,24000.0,24000.0,0.0,False,NONE
TRX-20260902-000062-004,TRX-20260902-000062,4,SKU-5002,Pewangi Pakaian Molto All in 1 720ml,1,24000.0,24000.0,0.0,False,NONE
TRX-20260902-000062-005,TRX-20260902-000062,5,SKU-3001,Air Mineral Aqua 600ml,1,4000.0,4000.0,0.0,False,NONE
TRX-20260902-000062-006,TRX-20260902-000062,6,SKU-3005,Good Day Moccacino 250ml,2,8000.0,16000.0,0.0,False,NONE
TRX-20260902-000062-007,TRX-20260902-000062,7,SKU-3006,Coca Cola 390ml,2,7500.0,15000.0,0.0,False,NONE
TRX-20260902-000063-001,TRX-20260902-000063,1,SKU-3007,Chitato Sapi Panggang 68g,2,12500.0,25000.0,0.0,False,NONE
TRX-20260902-000063-002,TRX-20260902-000063,2,SKU-3002,Air Mineral Le Minerale 600ml,2,3800.0,7600.0,0.0,False,NONE
TRX-20260902-000063-003,TRX-20260902-000063,3,SKU-5004,Pembersih Lantai Super Pell 770ml,1,14500.0,14500.0,0.0,False,NONE
TRX-20260902-000063-004,TRX-20260902-000063,4,SKU-2004,Yakult Pack isi 5,1,11500.0,11500.0,0.0,False,NONE
TRX-20260902-000063-005,TRX-20260902-000063,5,SKU-3009,Oreo Original Roll 133g,2,11000.0,22000.0,0.0,False,NONE
TRX-20260902-000064-001,TRX-20260902-000064,1,SKU-2006,Mentega Blue Band 200g,1,12500.0,12500.0,0.0,False,NONE
TRX-20260902-000064-002,TRX-20260902-000064,2,SKU-5003,Sabun Cuci Piring Sunlight 650ml,1,15500.0,15500.0,0.0,False,NONE
TRX-20260902-000064-003,TRX-20260902-000064,3,SKU-4004,Sikat Gigi Formula Double Action 3s,2,15500.0,31000.0,0.0,False,NONE
TRX-20260902-000064-004,TRX-20260902-000064,4,SKU-2004,Yakult Pack isi 5,1,11500.0,11500.0,0.0,False,NONE
TRX-20260902-000064-005,TRX-20260902-000064,5,SKU-3004,Kopi Kapal Api Spesial Mix 10s,1,15500.0,15500.0,0.0,False,NONE
TRX-20260902-000064-006,TRX-20260902-000064,6,SKU-3002,Air Mineral Le Minerale 600ml,2,3800.0,7600.0,0.0,False,NONE
TRX-20260902-000065-001,TRX-20260902-000065,1,SKU-4007,Minyak Telon My Baby 90ml,1,28000.0,28000.0,0.0,False,NONE
TRX-20260902-000065-002,TRX-20260902-000065,2,SKU-5002,Pewangi Pakaian Molto All in 1 720ml,1,24000.0,24000.0,0.0,False,NONE
TRX-20260902-000065-003,TRX-20260902-000065,3,SKU-1010,Sedaap Mie Goreng 90g,1,3400.0,3400.0,0.0,False,NONE
TRX-20260902-000065-004,TRX-20260902-000065,4,SKU-3005,Good Day Moccacino 250ml,1,8000.0,8000.0,0.0,False,NONE
TRX-20260902-000065-005,TRX-20260902-000065,5,SKU-3008,Taro Net Seaweed 65g,2,9800.0,19600.0,0.0,False,NONE
TRX-20260902-000065-006,TRX-20260902-000065,6,SKU-3007,Chitato Sapi Panggang 68g,1,12500.0,12500.0,0.0,False,NONE
TRX-20260902-000066-001,TRX-20260902-000066,1,SKU-2007,Sari Roti Tawar Spesial,1,16500.0,16500.0,0.0,False,NONE
TRX-20260902-000066-002,TRX-20260902-000066,2,SKU-2008,Sari Roti Sobek Cokelat,1,19500.0,19500.0,0.0,False,NONE
TRX-20260902-000067-001,TRX-20260902-000067,1,SKU-3004,Kopi Kapal Api Spesial Mix 10s,1,15500.0,15500.0,0.0,False,NONE
TRX-20260902-000067-002,TRX-20260902-000067,2,SKU-3002,Air Mineral Le Minerale 600ml,1,3800.0,3800.0,0.0,False,NONE
TRX-20260902-000068-001,TRX-20260902-000068,1,SKU-3002,Air Mineral Le Minerale 600ml,2,3800.0,7600.0,0.0,False,NONE
TRX-20260902-000068-002,TRX-20260902-000068,2,SKU-1009,Indomie Kuah Ayam Bawang 69g,1,3400.0,3400.0,0.0,False,NONE
TRX-20260902-000068-003,TRX-20260902-000068,3,SKU-1008,Indomie Goreng Spesial 85g,2,3500.0,7000.0,0.0,False,NONE
TRX-20260902-000068-004,TRX-20260902-000068,4,SKU-3007,Chitato Sapi Panggang 68g,2,12500.0,25000.0,0.0,True,VOID_ITEM
TRX-20260902-000068-005,TRX-20260902-000068,5,SKU-4004,Sikat Gigi Formula Double Action 3s,2,15500.0,31000.0,0.0,False,NONE
TRX-20260902-000068-006,TRX-20260902-000068,6,SKU-3004,Kopi Kapal Api Spesial Mix 10s,2,15500.0,31000.0,0.0,False,NONE
TRX-20260902-000068-007,TRX-20260902-000068,7,SKU-1004,Tepung Terigu Segitiga Biru 1kg,1,13500.0,13500.0,0.0,False,NONE
TRX-20260902-000068-008,TRX-20260902-000068,8,SKU-3008,Taro Net Seaweed 65g,1,9800.0,9800.0,0.0,False,NONE
TRX-20260902-000068-009,TRX-20260902-000068,9,SKU-2006,Mentega Blue Band 200g,1,12500.0,12500.0,0.0,False,NONE
TRX-20260902-000069-001,TRX-20260902-000069,1,SKU-2004,Yakult Pack isi 5,1,11500.0,11500.0,0.0,False,NONE
TRX-20260902-000069-002,TRX-20260902-000069,2,SKU-3006,Coca Cola 390ml,1,7500.0,7500.0,0.0,False,NONE
TRX-20260902-000069-003,TRX-20260902-000069,3,SKU-1001,Beras Pandan Wangi 5kg,1,78500.0,78500.0,0.0,False,NONE
TRX-20260902-000069-004,TRX-20260902-000069,4,SKU-1006,Kecap Manis Bango 520ml,1,25500.0,25500.0,0.0,False,NONE
TRX-20260902-000069-005,TRX-20260902-000069,5,SKU-3008,Taro Net Seaweed 65g,2,9800.0,19600.0,0.0,False,NONE
TRX-20260902-000069-006,TRX-20260902-000069,6,SKU-3002,Air Mineral Le Minerale 600ml,1,3800.0,3800.0,0.0,False,NONE
TRX-20260902-000069-007,TRX-20260902-000069,7,SKU-3007,Chitato Sapi Panggang 68g,1,12500.0,12500.0,0.0,False,NONE
TRX-20260902-000070-001,TRX-20260902-000070,1,SKU-1009,Indomie Kuah Ayam Bawang 69g,1,3400.0,3400.0,0.0,False,NONE
TRX-20260902-000070-002,TRX-20260902-000070,2,SKU-4201,UNKNOWN PRODUCT,1,27500.0,27500.0,0.0,False,TYPO_SKU
TRX-20260902-000070-003,TRX-20260902-000070,3,SKU-3001,Air Mineral Aqua 600ml,1,4000.0,4000.0,0.0,False,NONE
TRX-20260902-000071-001,TRX-20260902-000071,1,SKU-3005,Good Day Moccacino 250ml,1,8000.0,8000.0,0.0,False,NONE
TRX-20260902-000071-002,TRX-20260902-000071,2,SKU-3006,Coca Cola 390ml,1,7500.0,7500.0,0.0,False,NONE
TRX-20260902-000071-003,TRX-20260902-000071,3,SKU-1009,Indomie Kuah Ayam Bawang 69g,2,3400.0,6800.0,0.0,False,NONE
TRX-20260902-000071-004,TRX-20260902-000071,4,SKU-1011,Sarden ABC Saus Tomat 155g,1,12000.0,12000.0,0.0,False,NONE
TRX-20260902-000071-005,TRX-20260902-000071,5,SKU-1005,Garam Dapur Cap Kapal 250g,1,5000.0,5000.0,0.0,False,NONE
TRX-20260902-000071-006,TRX-20260902-000071,6,SKU-3003,Teh Pucuk Harum 350ml,2,4500.0,9000.0,0.0,False,NONE
TRX-20260902-000072-001,TRX-20260902-000072,1,SKU-2004,Yakult Pack isi 5,1,11500.0,11500.0,0.0,False,NONE
TRX-20260902-000072-002,TRX-20260902-000072,2,SKU-2003,Susu Ultra Milk Cokelat 1L,1,21500.0,21500.0,0.0,False,NONE
TRX-20260902-000073-001,TRX-20260902-000073,1,SKU-2002,Susu Ultra Milk Full Cream 1L,1,21500.0,21500.0,0.0,False,NONE
TRX-20260902-000074-001,TRX-20260902-000074,1,SKU-3006,Coca Cola 390ml,2,7500.0,15000.0,0.0,False,NONE
TRX-20260902-000074-002,TRX-20260902-000074,2,SKU-1004,Tepung Terigu Segitiga Biru 1kg,1,13500.0,13500.0,0.0,False,NONE
TRX-20260902-000074-003,TRX-20260902-000074,3,SKU-4004,Sikat Gigi Formula Double Action 3s,2,15500.0,31000.0,0.0,False,NONE
TRX-20260902-000074-004,TRX-20260902-000074,4,SKU-2006,Mentega Blue Band 200g,2,12500.0,25000.0,0.0,False,NONE
TRX-20260902-000074-005,TRX-20260902-000074,5,SKU-3003,Teh Pucuk Harum 350ml,1,4500.0,4500.0,0.0,False,NONE
TRX-20260902-000074-006,TRX-20260902-000074,6,SKU-1005,Garam Dapur Cap Kapal 250g,1,5000.0,5000.0,0.0,False,NONE
TRX-20260903-000075-001,TRX-20260903-000075,1,SKU-3001,Air Mineral Aqua 600ml,1,4000.0,4000.0,0.0,False,NONE
TRX-20260903-000075-002,TRX-20260903-000075,2,SKU-3009,Oreo Original Roll 133g,2,11000.0,22000.0,0.0,False,NONE
TRX-20260903-000075-003,TRX-20260903-000075,3,SKU-3007,Chitato Sapi Panggang 68g,2,12500.0,25000.0,0.0,False,NONE
TRX-20260903-000075-004,TRX-20260903-000075,4,SKU-1004,Tepung Terigu Segitiga Biru 1kg,1,13500.0,13500.0,0.0,False,NONE
TRX-20260903-000075-005,TRX-20260903-000075,5,SKU-1011,Sarden ABC Saus Tomat 155g,2,12000.0,24000.0,0.0,False,NONE
TRX-20260903-000076-001,TRX-20260903-000076,1,SKU-1007,Saus Sambal ABC 335ml,2,17500.0,35000.0,0.0,False,NONE
TRX-20260903-000076-002,TRX-20260903-000076,2,SKU-1006,Kecap Manis Bango 520ml,3,25500.0,76500.0,0.0,False,NONE
TRX-20260903-000076-003,TRX-20260903-000076,3,SKU-1011,Sarden ABC Saus Tomat 155g,1,12000.0,12000.0,0.0,False,NONE
TRX-20260903-000076-004,TRX-20260903-000076,4,SKU-1001,Beras Pandan Wangi 5kg,1,78500.0,78500.0,0.0,False,NONE
TRX-20260903-000076-005,TRX-20260903-000076,5,SKU-1002,Minyak Goreng Bimoli 2L,2,37500.0,75000.0,0.0,False,NONE
TRX-20260903-000076-006,TRX-20260903-000076,6,SKU-5001,Deterjen Rinso Anti Noda 770g,1,23000.0,23000.0,0.0,False,NONE
TRX-20260903-000076-007,TRX-20260903-000076,7,SKU-5003,Sabun Cuci Piring Sunlight 650ml,1,15500.0,15500.0,0.0,False,NONE
TRX-20260903-000076-008,TRX-20260903-000076,8,SKU-1005,Garam Dapur Cap Kapal 250g,1,5000.0,5000.0,0.0,False,NONE
TRX-20260903-000076-009,TRX-20260903-000076,9,SKU-5006,Baterai ABC Alkaline AA 4s,2,21000.0,42000.0,0.0,False,NONE
TRX-20260903-000076-010,TRX-20260903-000076,10,SKU-4007,Minyak Telon My Baby 90ml,1,28000.0,28000.0,0.0,False,NONE
TRX-20260903-000076-011,TRX-20260903-000076,11,SKU-4005,Rexona Deodorant Roll On 45ml,1,20500.0,20500.0,0.0,False,NONE
TRX-20260903-000076-012,TRX-20260903-000076,12,SKU-5005,Baygon Obat Nyamuk Semprot 600ml,3,42000.0,126000.0,0.0,False,NONE
TRX-20260903-000076-013,TRX-20260903-000076,13,SKU-1009,Indomie Kuah Ayam Bawang 69g,1,3400.0,3400.0,0.0,False,NONE
TRX-20260903-000076-014,TRX-20260903-000076,14,SKU-3001,Air Mineral Aqua 600ml,2,4000.0,8000.0,0.0,False,NONE
TRX-20260903-000076-015,TRX-20260903-000076,15,SKU-4004,Sikat Gigi Formula Double Action 3s,2,15500.0,31000.0,0.0,False,NONE
TRX-20260903-000076-016,TRX-20260903-000076,16,SKU-1004,Tepung Terigu Segitiga Biru 1kg,1,13500.0,13500.0,0.0,False,NONE
TRX-20260903-000077-001,TRX-20260903-000077,1,SKU-5005,Baygon Obat Nyamuk Semprot 600ml,1,42000.0,42000.0,0.0,False,NONE
TRX-20260903-000077-002,TRX-20260903-000077,2,SKU-1012,Kornet Sapi Pronas 198g,2,26000.0,52000.0,0.0,False,NONE
TRX-20260903-000077-003,TRX-20260903-000077,3,SKU-4002,Shampoo Sunsilk Black Shine 160ml,1,26000.0,26000.0,0.0,False,NONE
TRX-20260903-000077-004,TRX-20260903-000077,4,SKU-4003,Pasta Gigi Pepsodent 190g,2,17000.0,34000.0,0.0,False,NONE
TRX-20260903-000077-005,TRX-20260903-000077,5,SKU-1006,Kecap Manis Bango 520ml,2,25500.0,51000.0,0.0,False,NONE
TRX-20260903-000077-006,TRX-20260903-000077,6,SKU-1002,Minyak Goreng Bimoli 2L,1,37500.0,37500.0,0.0,False,NONE
TRX-20260903-000077-007,TRX-20260903-000077,7,SKU-5001,Deterjen Rinso Anti Noda 770g,2,23000.0,46000.0,0.0,False,NONE
TRX-20260903-000077-008,TRX-20260903-000077,8,SKU-5003,Sabun Cuci Piring Sunlight 650ml,2,15500.0,31000.0,0.0,False,NONE
TRX-20260903-000077-009,TRX-20260903-000077,9,SKU-5004,Pembersih Lantai Super Pell 770ml,2,14500.0,29000.0,0.0,False,NONE
TRX-20260903-000077-010,TRX-20260903-000077,10,SKU-1005,Garam Dapur Cap Kapal 250g,1,5000.0,5000.0,0.0,False,NONE
TRX-20260903-000077-011,TRX-20260903-000077,11,SKU-4001,Sabun Mandi Lifebuoy Total 10 450ml,1,27500.0,27500.0,0.0,False,NONE
TRX-20260903-000077-012,TRX-20260903-000077,12,SKU-5006,Baterai ABC Alkaline AA 4s,2,21000.0,42000.0,0.0,False,NONE
TRX-20260903-000077-013,TRX-20260903-000077,13,SKU-1009,Indomie Kuah Ayam Bawang 69g,1,3400.0,3400.0,0.0,False,NONE
TRX-20260903-000077-014,TRX-20260903-000077,14,SKU-2001,Telur Ayam Negeri 1kg,1,31000.0,31000.0,0.0,False,NONE
TRX-20260903-000077-015,TRX-20260903-000077,15,SKU-4006,Paseo Facial Tissue 250 Sheets,1,16500.0,16500.0,0.0,False,NONE
TRX-20260903-000077-016,TRX-20260903-000077,16,SKU-1001,Beras Pandan Wangi 5kg,2,78500.0,157000.0,0.0,False,NONE
TRX-20260903-000077-017,TRX-20260903-000077,17,SKU-1007,Saus Sambal ABC 335ml,1,17500.0,17500.0,0.0,False,NONE
TRX-20260903-000077-018,TRX-20260903-000077,18,SKU-1011,Sarden ABC Saus Tomat 155g,2,12000.0,24000.0,0.0,False,NONE
TRX-20260903-000077-019,TRX-20260903-000077,19,SKU-5002,Pewangi Pakaian Molto All in 1 720ml,1,24000.0,24000.0,0.0,False,NONE
TRX-20260903-000078-001,TRX-20260903-000078,1,SKU-2001,Telur Ayam Negeri 1kg,1,31000.0,31000.0,0.0,False,NONE
TRX-20260903-000078-002,TRX-20260903-000078,2,SKU-3001,Air Mineral Aqua 600ml,1,4000.0,4000.0,0.0,False,NONE
TRX-20260903-000079-001,TRX-20260903-000079,1,SKU-3002,Air Mineral Le Minerale 600ml,1,3800.0,3800.0,0.0,False,NONE
TRX-20260903-000079-002,TRX-20260903-000079,2,SKU-3004,Kopi Kapal Api Spesial Mix 10s,1,15500.0,15500.0,0.0,False,NONE
TRX-20260903-000080-001,TRX-20260903-000080,1,SKU-2005,Keju Kraft Cheddar 165g,1,24000.0,24000.0,0.0,False,NONE
TRX-20260903-000080-002,TRX-20260903-000080,2,SKU-2004,Yakult Pack isi 5,1,11500.0,11500.0,0.0,False,NONE
TRX-20260903-000080-003,TRX-20260903-000080,3,SKU-3004,Kopi Kapal Api Spesial Mix 10s,1,15500.0,15500.0,0.0,False,NONE
TRX-20260903-000081-001,TRX-20260903-000081,1,SKU-3005,Good Day Moccacino 250ml,1,8000.0,8000.0,0.0,False,NONE
TRX-20260903-000082-001,TRX-20260903-000082,1,SKU-3003,Teh Pucuk Harum 350ml,1,4500.0,4500.0,0.0,False,NONE
TRX-20260903-000082-002,TRX-20260903-000082,2,SKU-2007,Sari Roti Tawar Spesial,1,16500.0,16500.0,0.0,False,NONE
TRX-20260903-000082-003,TRX-20260903-000082,3,SKU-2001,Telur Ayam Negeri 1kg,1,31000.0,31000.0,0.0,False,NONE
TRX-20260903-000083-001,TRX-20260903-000083,1,SKU-3002,Air Mineral Le Minerale 600ml,1,3800.0,3800.0,0.0,False,NONE
TRX-20260903-000084-001,TRX-20260903-000084,1,SKU-4003,Pasta Gigi Pepsodent 190g,5,17000.0,85000.0,0.0,False,NONE
TRX-20260903-000084-002,TRX-20260903-000084,2,SKU-4004,Sikat Gigi Formula Double Action 3s,1,15500.0,15500.0,0.0,False,NONE
TRX-20260903-000084-003,TRX-20260903-000084,3,SKU-5005,Baygon Obat Nyamuk Semprot 600ml,2,42000.0,84000.0,0.0,False,NONE
TRX-20260903-000084-004,TRX-20260903-000084,4,SKU-1001,Beras Pandan Wangi 5kg,2,78500.0,157000.0,0.0,False,NONE
TRX-20260903-000084-005,TRX-20260903-000084,5,SKU-1003,Gula Pasir Gulaku 1kg,2,17500.0,35000.0,0.0,False,NONE
TRX-20260903-000084-006,TRX-20260903-000084,6,SKU-5003,Sabun Cuci Piring Sunlight 650ml,2,15500.0,31000.0,0.0,False,NONE
TRX-20260903-000084-007,TRX-20260903-000084,7,SKU-5001,Deterjen Rinso Anti Noda 770g,2,23000.0,46000.0,0.0,False,NONE
TRX-20260903-000084-008,TRX-20260903-000084,8,SKU-4001,Sabun Mandi Lifebuoy Total 10 450ml,1,27500.0,27500.0,0.0,False,NONE
TRX-20260903-000084-009,TRX-20260903-000084,9,SKU-1012,Kornet Sapi Pronas 198g,1,26000.0,26000.0,0.0,False,NONE
TRX-20260903-000084-010,TRX-20260903-000084,10,SKU-1007,Saus Sambal ABC 335ml,5,17500.0,87500.0,0.0,False,NONE
TRX-20260903-000084-011,TRX-20260903-000084,11,SKU-1003,Gula Pasir Gulaku 1kg,1,17500.0,17500.0,0.0,False,NONE
TRX-20260903-000084-012,TRX-20260903-000084,12,SKU-1008,Indomie Goreng Spesial 85g,2,3500.0,7000.0,0.0,False,NONE
TRX-20260903-000084-013,TRX-20260903-000084,13,SKU-2001,Telur Ayam Negeri 1kg,2,31000.0,62000.0,0.0,False,NONE
TRX-20260903-000084-014,TRX-20260903-000084,14,SKU-4007,Minyak Telon My Baby 90ml,1,28000.0,28000.0,0.0,False,NONE
TRX-20260903-000084-015,TRX-20260903-000084,15,SKU-1010,Sedaap Mie Goreng 90g,2,3400.0,6800.0,0.0,False,NONE
TRX-20260903-000084-016,TRX-20260903-000084,16,SKU-1011,Sarden ABC Saus Tomat 155g,3,12000.0,36000.0,0.0,False,NONE
TRX-20260903-000084-017,TRX-20260903-000084,17,SKU-4004,Sikat Gigi Formula Double Action 3s,5,15500.0,77500.0,0.0,False,NONE
TRX-20260903-000084-018,TRX-20260903-000084,18,SKU-1004,Tepung Terigu Segitiga Biru 1kg,2,13500.0,27000.0,0.0,False,NONE
TRX-20260903-000084-019,TRX-20260903-000084,19,SKU-1005,Garam Dapur Cap Kapal 250g,1,5000.0,5000.0,0.0,False,NONE
TRX-20260903-000084-020,TRX-20260903-000084,20,SKU-1002,Minyak Goreng Bimoli 2L,1,37500.0,37500.0,0.0,False,NONE
TRX-20260903-000084-021,TRX-20260903-000084,21,SKU-4005,Rexona Deodorant Roll On 45ml,2,20500.0,41000.0,0.0,False,NONE
TRX-20260903-000085-001,TRX-20260903-000085,1,SKU-1009,Indomie Kuah Ayam Bawang 69g,1,3400.0,3400.0,0.0,False,NONE
TRX-20260903-000085-002,TRX-20260903-000085,2,SKU-2001,Telur Ayam Negeri 1kg,2,31000.0,62000.0,0.0,False,NONE
TRX-20260903-000085-003,TRX-20260903-000085,3,SKU-1006,Kecap Manis Bango 520ml,3,25500.0,76500.0,0.0,False,NONE
TRX-20260903-000085-004,TRX-20260903-000085,4,SKU-1003,Gula Pasir Gulaku 1kg,3,17500.0,52500.0,0.0,False,NONE
TRX-20260903-000085-005,TRX-20260903-000085,5,SKU-1004,Tepung Terigu Segitiga Biru 1kg,2,13500.0,27000.0,0.0,False,NONE
TRX-20260903-000085-006,TRX-20260903-000085,6,SKU-4006,Paseo Facial Tissue 250 Sheets,2,16500.0,33000.0,0.0,False,NONE
TRX-20260903-000085-007,TRX-20260903-000085,7,SKU-1011,Sarden ABC Saus Tomat 155g,3,12000.0,36000.0,0.0,False,NONE
TRX-20260903-000085-008,TRX-20260903-000085,8,SKU-4001,Sabun Mandi Lifebuoy Total 10 450ml,2,27500.0,55000.0,0.0,False,NONE
TRX-20260903-000085-009,TRX-20260903-000085,9,SKU-1002,Minyak Goreng Bimoli 2L,1,37500.0,37500.0,0.0,False,NONE
TRX-20260903-000086-001,TRX-20260903-000086,1,SKU-4006,Paseo Facial Tissue 250 Sheets,5,16500.0,82500.0,0.0,False,NONE
TRX-20260903-000086-002,TRX-20260903-000086,2,SKU-5001,Deterjen Rinso Anti Noda 770g,1,23000.0,23000.0,0.0,False,NONE
TRX-20260903-000086-003,TRX-20260903-000086,3,SKU-5003,Sabun Cuci Piring Sunlight 650ml,3,15500.0,46500.0,0.0,False,NONE
TRX-20260903-000086-004,TRX-20260903-000086,4,SKU-5002,Pewangi Pakaian Molto All in 1 720ml,1,24000.0,24000.0,0.0,False,NONE
TRX-20260903-000086-005,TRX-20260903-000086,5,SKU-4007,Minyak Telon My Baby 90ml,1,28000.0,28000.0,0.0,False,NONE
TRX-20260903-000086-006,TRX-20260903-000086,6,SKU-4004,Sikat Gigi Formula Double Action 3s,2,15500.0,31000.0,0.0,False,NONE
TRX-20260903-000086-007,TRX-20260903-000086,7,SKU-4005,Rexona Deodorant Roll On 45ml,1,20500.0,20500.0,0.0,False,NONE
TRX-20260903-000086-008,TRX-20260903-000086,8,SKU-1011,Sarden ABC Saus Tomat 155g,2,12000.0,24000.0,0.0,False,NONE
TRX-20260903-000086-009,TRX-20260903-000086,9,SKU-1003,Gula Pasir Gulaku 1kg,2,17500.0,35000.0,0.0,False,NONE
TRX-20260903-000086-010,TRX-20260903-000086,10,SKU-4003,Pasta Gigi Pepsodent 190g,1,17000.0,17000.0,0.0,False,NONE
TRX-20260903-000087-001,TRX-20260903-000087,1,SKU-3004,Kopi Kapal Api Spesial Mix 10s,2,15500.0,31000.0,0.0,False,NONE
TRX-20260903-000087-002,TRX-20260903-000087,2,SKU-1008,Indomie Goreng Spesial 85g,1,3500.0,3500.0,0.0,False,NONE
TRX-20260903-000087-003,TRX-20260903-000087,3,SKU-3009,Oreo Original Roll 133g,2,11000.0,22000.0,0.0,False,NONE
TRX-20260903-000087-004,TRX-20260903-000087,4,SKU-3003,Teh Pucuk Harum 350ml,1,4500.0,4500.0,0.0,True,VOID_ITEM
TRX-20260903-000088-001,TRX-20260903-000088,1,SKU-5005,Baygon Obat Nyamuk Semprot 600ml,2,42000.0,84000.0,0.0,False,NONE
TRX-20260903-000088-002,TRX-20260903-000088,2,SKU-1002,Minyak Goreng Bimoli 2L,3,37500.0,112500.0,0.0,False,NONE
TRX-20260903-000088-003,TRX-20260903-000088,3,SKU-4002,Shampoo Sunsilk Black Shine 160ml,2,26000.0,52000.0,0.0,False,NONE
TRX-20260903-000088-004,TRX-20260903-000088,4,SKU-1007,Saus Sambal ABC 335ml,1,17500.0,17500.0,0.0,False,NONE
TRX-20260903-000088-005,TRX-20260903-000088,5,SKU-1012,Kornet Sapi Pronas 198g,1,26000.0,26000.0,0.0,False,NONE
TRX-20260903-000088-006,TRX-20260903-000088,6,SKU-1011,Sarden ABC Saus Tomat 155g,3,12000.0,36000.0,0.0,False,NONE
TRX-20260903-000088-007,TRX-20260903-000088,7,SKU-5004,Pembersih Lantai Super Pell 770ml,1,14500.0,14500.0,0.0,False,NONE
TRX-20260903-000088-008,TRX-20260903-000088,8,SKU-1009,Indomie Kuah Ayam Bawang 69g,1,3400.0,3400.0,0.0,False,NONE
TRX-20260903-000089-001,TRX-20260903-000089,1,SKU-2005,Keju Kraft Cheddar 165g,1,24000.0,24000.0,0.0,False,NONE
TRX-20260903-000089-002,TRX-20260903-000089,2,SKU-2007,Sari Roti Tawar Spesial,1,16500.0,16500.0,0.0,False,NONE
TRX-20260903-000090-001,TRX-20260903-000090,1,SKU-3009,Oreo Original Roll 133g,1,11000.0,11000.0,0.0,False,NONE
TRX-20260903-000090-002,TRX-20260903-000090,2,SKU-3003,Teh Pucuk Harum 350ml,1,4500.0,4500.0,0.0,False,NONE
TRX-20260903-000090-003,TRX-20260903-000090,3,SKU-2005,Keju Kraft Cheddar 165g,1,24000.0,24000.0,0.0,False,NONE
TRX-20260903-000091-001,TRX-20260903-000091,1,SKU-1009,Indomie Kuah Ayam Bawang 69g,1,3400.0,3400.0,0.0,False,NONE
TRX-20260903-000091-002,TRX-20260903-000091,2,SKU-3009,Oreo Original Roll 133g,1,11000.0,11000.0,0.0,False,NONE
TRX-20260903-000091-003,TRX-20260903-000091,3,SKU-3005,Good Day Moccacino 250ml,1,8000.0,8000.0,0.0,False,NONE
TRX-20260903-000091-004,TRX-20260903-000091,4,SKU-1011,Sarden ABC Saus Tomat 155g,2,12000.0,24000.0,0.0,False,NONE
TRX-20260903-000091-005,TRX-20260903-000091,5,SKU-3003,Teh Pucuk Harum 350ml,2,4500.0,9000.0,0.0,False,NONE
TRX-20260903-000091-006,TRX-20260903-000091,6,SKU-1010,Sedaap Mie Goreng 90g,1,3400.0,3400.0,0.0,False,NONE
TRX-20260903-000092-001,TRX-20260903-000092,1,SKU-2007,Sari Roti Tawar Spesial,1,16500.0,16500.0,0.0,False,NONE
TRX-20260903-000093-001,TRX-20260903-000093,1,SKU-3003,Teh Pucuk Harum 350ml,1,4500.0,4500.0,0.0,False,NONE
TRX-20260903-000093-002,TRX-20260903-000093,2,SKU-2005,Keju Kraft Cheddar 165g,1,24000.0,24000.0,0.0,False,NONE
TRX-20260903-000094-001,TRX-20260903-000094,1,SKU-1008,Indomie Goreng Spesial 85g,1,3500.0,3500.0,0.0,False,NONE
TRX-20260903-000094-002,TRX-20260903-000094,2,SKU-1001,Beras Pandan Wangi 5kg,1,78500.0,78500.0,0.0,False,NONE
TRX-20260903-000094-003,TRX-20260903-000094,3,SKU-1002,Minyak Goreng Bimoli 2L,1,37500.0,37500.0,0.0,False,NONE
TRX-20260903-000094-004,TRX-20260903-000094,4,SKU-5002,Pewangi Pakaian Molto All in 1 720ml,1,24000.0,24000.0,0.0,False,NONE
TRX-20260903-000094-005,TRX-20260903-000094,5,SKU-5006,Baterai ABC Alkaline AA 4s,3,21000.0,63000.0,0.0,False,NONE
TRX-20260903-000094-006,TRX-20260903-000094,6,SKU-1011,Sarden ABC Saus Tomat 155g,2,12000.0,24000.0,0.0,False,NONE
TRX-20260903-000094-007,TRX-20260903-000094,7,SKU-1006,Kecap Manis Bango 520ml,1,25500.0,25500.0,0.0,False,NONE
TRX-20260903-000094-008,TRX-20260903-000094,8,SKU-4006,Paseo Facial Tissue 250 Sheets,3,16500.0,49500.0,0.0,False,NONE
TRX-20260903-000094-009,TRX-20260903-000094,9,SKU-4004,Sikat Gigi Formula Double Action 3s,1,15500.0,15500.0,0.0,False,NONE
TRX-20260903-000094-010,TRX-20260903-000094,10,SKU-1004,Tepung Terigu Segitiga Biru 1kg,3,13500.0,40500.0,0.0,False,NONE
TRX-20260903-000094-011,TRX-20260903-000094,11,SKU-4005,Rexona Deodorant Roll On 45ml,1,20500.0,20500.0,0.0,False,NONE
TRX-20260903-000094-012,TRX-20260903-000094,12,SKU-4001,Sabun Mandi Lifebuoy Total 10 450ml,2,27500.0,55000.0,0.0,False,NONE
TRX-20260903-000094-013,TRX-20260903-000094,13,SKU-4002,Shampoo Sunsilk Black Shine 160ml,2,26000.0,52000.0,0.0,False,NONE
TRX-20260903-000094-014,TRX-20260903-000094,14,SKU-1003,Gula Pasir Gulaku 1kg,5,17500.0,87500.0,0.0,False,NONE
TRX-20260903-000094-015,TRX-20260903-000094,15,SKU-1012,Kornet Sapi Pronas 198g,2,26000.0,52000.0,0.0,False,NONE
TRX-20260903-000095-001,TRX-20260903-000095,1,SKU-3002,Air Mineral Le Minerale 600ml,1,3800.0,3800.0,0.0,False,NONE
TRX-20260903-000096-001,TRX-20260903-000096,1,SKU-2002,Susu Ultra Milk Full Cream 1L,1,21500.0,21500.0,0.0,False,NONE
TRX-20260903-000096-002,TRX-20260903-000096,2,SKU-3004,Kopi Kapal Api Spesial Mix 10s,1,15500.0,15500.0,0.0,False,NONE
TRX-20260903-000096-003,TRX-20260903-000096,3,SKU-3010,SilverQueen Cokelat Mede 58g,1,17000.0,17000.0,0.0,False,NONE
TRX-20260903-000097-001,TRX-20260903-000097,1,SKU-1006,Kecap Manis Bango 520ml,1,25500.0,25500.0,0.0,False,NONE
TRX-20260903-000097-002,TRX-20260903-000097,2,SKU-1010,Sedaap Mie Goreng 90g,1,3400.0,3400.0,0.0,False,NONE
TRX-20260903-000097-003,TRX-20260903-000097,3,SKU-3007,Chitato Sapi Panggang 68g,1,12500.0,12500.0,0.0,False,NONE
TRX-20260903-000097-004,TRX-20260903-000097,4,SKU-3002,Air Mineral Le Minerale 600ml,2,3800.0,7600.0,0.0,False,NONE
TRX-20260903-000097-005,TRX-20260903-000097,5,SKU-3010,SilverQueen Cokelat Mede 58g,1,17000.0,17000.0,0.0,False,NONE
TRX-20260903-000097-006,TRX-20260903-000097,6,SKU-3008,Taro Net Seaweed 65g,2,9800.0,19600.0,0.0,False,NONE
TRX-20260903-000098-001,TRX-20260903-000098,1,SKU-3003,Teh Pucuk Harum 350ml,2,4500.0,9000.0,0.0,False,NONE
TRX-20260903-000098-002,TRX-20260903-000098,2,SKU-3002,Air Mineral Le Minerale 600ml,2,3800.0,7600.0,0.0,False,NONE
TRX-20260903-000098-003,TRX-20260903-000098,3,SKU-2004,Yakult Pack isi 5,1,11500.0,11500.0,0.0,False,NONE
TRX-20260903-000098-004,TRX-20260903-000098,4,SKU-3009,Oreo Original Roll 133g,1,11000.0,11000.0,0.0,False,NONE
TRX-20260903-000099-001,TRX-20260903-000099,1,SKU-3008,Taro Net Seaweed 65g,1,9800.0,9800.0,0.0,False,NONE
TRX-20260903-000099-002,TRX-20260903-000099,2,SKU-3005,Good Day Moccacino 250ml,1,8000.0,8000.0,0.0,False,NONE
TRX-20260903-000099-003,TRX-20260903-000099,3,SKU-2006,Mentega Blue Band 200g,1,12500.0,12500.0,0.0,False,NONE
TRX-20260903-000100-001,TRX-20260903-000100,1,SKU-3007,Chitato Sapi Panggang 68g,1,12500.0,12500.0,0.0,False,NONE
TRX-20260903-000100-002,TRX-20260903-000100,2,SKU-3001,Air Mineral Aqua 600ml,2,4000.0,8000.0,0.0,False,NONE
TRX-20260903-000100-003,TRX-20260903-000100,3,SKU-3008,Taro Net Seaweed 65g,2,9800.0,19600.0,0.0,False,NONE
TRX-20260903-000100-004,TRX-20260903-000100,4,SKU-3002,Air Mineral Le Minerale 600ml,1,3800.0,3800.0,0.0,True,VOID_ITEM
TRX-20260903-000100-005,TRX-20260903-000100,5,SKU-3009,Oreo Original Roll 133g,1,11000.0,11000.0,0.0,False,NONE
TRX-20260903-000100-006,TRX-20260903-000100,6,SKU-2006,Mentega Blue Band 200g,1,12500.0,12500.0,0.0,False,NONE
TRX-20260903-000101-001,TRX-20260903-000101,1,SKU-3009,Oreo Original Roll 133g,1,11000.0,11000.0,0.0,False,NONE
TRX-20260903-000101-002,TRX-20260903-000101,2,SKU-4006,Paseo Facial Tissue 250 Sheets,1,16500.0,16500.0,0.0,False,NONE
TRX-20260903-000101-003,TRX-20260903-000101,3,SKU-2006,Mentega Blue Band 200g,1,12500.0,12500.0,0.0,False,NONE
TRX-20260903-000101-004,TRX-20260903-000101,4,SKU-1012,Kornet Sapi Pronas 198g,1,26000.0,26000.0,0.0,False,NONE
TRX-20260903-000101-005,TRX-20260903-000101,5,SKU-3010,SilverQueen Cokelat Mede 58g,2,17000.0,34000.0,0.0,False,NONE
TRX-20260903-000101-006,TRX-20260903-000101,6,SKU-3008,Taro Net Seaweed 65g,2,9800.0,19600.0,0.0,False,NONE
TRX-20260903-000102-001,TRX-20260903-000102,1,SKU-2005,Keju Kraft Cheddar 165g,1,24000.0,24000.0,0.0,False,NONE
TRX-20260903-000103-001,TRX-20260903-000103,1,SKU-3009,Oreo Original Roll 133g,1,11000.0,11000.0,0.0,False,NONE
TRX-20260903-000104-001,TRX-20260903-000104,1,SKU-4004,Sikat Gigi Formula Double Action 3s,1,15500.0,15500.0,0.0,False,NONE
TRX-20260903-000104-002,TRX-20260903-000104,2,SKU-1004,Tepung Terigu Segitiga Biru 1kg,1,13500.0,13500.0,0.0,False,NONE
TRX-20260903-000104-003,TRX-20260903-000104,3,SKU-4001,Sabun Mandi Lifebuoy Total 10 450ml,5,27500.0,137500.0,0.0,False,NONE
TRX-20260903-000104-004,TRX-20260903-000104,4,SKU-4002,Shampoo Sunsilk Black Shine 160ml,1,26000.0,26000.0,0.0,False,NONE
TRX-20260903-000104-005,TRX-20260903-000104,5,SKU-4005,Rexona Deodorant Roll On 45ml,5,20500.0,102500.0,0.0,False,NONE
TRX-20260903-000104-006,TRX-20260903-000104,6,SKU-4007,Minyak Telon My Baby 90ml,2,28000.0,56000.0,0.0,False,NONE
TRX-20260903-000104-007,TRX-20260903-000104,7,SKU-1001,Beras Pandan Wangi 5kg,2,78500.0,157000.0,0.0,False,NONE
TRX-20260903-000104-008,TRX-20260903-000104,8,SKU-1005,Garam Dapur Cap Kapal 250g,2,5000.0,10000.0,0.0,False,NONE
TRX-20260903-000104-009,TRX-20260903-000104,9,SKU-1003,Gula Pasir Gulaku 1kg,2,17500.0,35000.0,0.0,False,NONE
TRX-20260903-000104-010,TRX-20260903-000104,10,SKU-5006,Baterai ABC Alkaline AA 4s,2,21000.0,42000.0,0.0,False,NONE
